numeroApolice,total_veiculos,pct_autonomos,motorista_licenciado,classe_risco,sinistralidade_rc_declarada,sinistralidade_rcfv_declarada,valor_pago_historico,valor_sinistro_historico,qt_cias_anteriores,tipo_sinistro_predominante,lmi_por_veiculo,premio_por_veiculo,qt_coberturas_ativas,agravo_aplicado,desconto_aplicado,referral_pendente,tempo_cotacao_emissao,parcelas_com_juros,apolice_anterior,_perfil_gerador
RCT-2024-000001,6.0,0.16666666666666666,1,3,0,0,0.0,0.0,0,0,51130.72,1107.5566666666666,7,0,1,0,9,0,1,alta_cobertura
RCT-2024-000002,30.0,0.7666666666666667,0,4,1,1,144235.99,177229.66,1,3,23881.767666666667,2239.1659999999997,0,0,0,0,9,0,0,alto_risco
RCT-2025-000003,54.0,0.24074074074074073,1,1,1,1,0.0,0.0,0,0,49970.025185185186,2067.169814814815,7,0,1,0,7,0,0,alta_cobertura
RCT-2026-000004,30.0,0.3333333333333333,1,4,0,1,54141.92,55966.57,1,0,35230.450333333334,2571.532,4,1,0,1,82,0,0,referral
RCT-2025-000005,6.0,0.0,1,3,0,1,0.0,0.0,0,0,40057.55333333334,1848.9099999999999,7,0,1,0,4,0,1,alta_cobertura
RCT-2024-000006,42.0,0.16666666666666666,1,2,0,1,0.0,0.0,0,0,51552.55904761905,1026.01,7,0,1,0,1,0,1,alta_cobertura
RCT-2025-000007,60.0,0.03333333333333333,1,1,0,0,0.0,0.0,0,0,79265.44216666667,1392.665,6,0,1,0,3,0,1,alta_cobertura
RCT-2026-000008,12.0,0.16666666666666666,1,2,0,0,16507.51,18621.48,1,0,23596.59833333333,1623.3666666666668,3,0,0,1,84,1,0,referral
RCT-2024-000009,41.0,0.7317073170731707,0,4,0,1,483031.86,646945.66,1,3,35177.498536585364,4456.403902439024,6,1,0,0,1,0,0,alto_risco
RCT-2025-000010,48.0,0.1875,1,2,0,0,24209.27,24903.06,1,3,57279.514375,2075.1070833333333,7,0,0,0,1,0,0,alta_cobertura
RCT-2026-000011,9.0,0.2222222222222222,0,2,0,1,0.0,0.0,0,0,46165.003333333334,1394.572222222222,2,0,0,1,34,1,0,referral
RCT-2025-000012,22.0,0.2727272727272727,0,1,0,0,0.0,0.0,0,0,49259.77181818182,1564.85,7,0,1,0,9,0,0,alta_cobertura
RCT-2025-000013,15.0,0.26666666666666666,1,3,1,0,0.0,0.0,0,0,32182.255333333334,2224.389333333333,4,0,0,1,55,1,0,referral
RCT-2026-000014,55.0,0.21818181818181817,1,1,0,0,0.0,0.0,0,0,49198.92345454545,1833.8496363636364,6,0,1,0,10,0,0,alta_cobertura
RCT-2026-000015,127.0,0.8818897637795275,0,5,1,1,324213.41,401932.12,2,1,21180.993464566927,2499.817165354331,0,0,0,0,4,0,0,alto_risco
RCT-2025-000016,26.0,0.15384615384615385,1,1,0,0,26767.7,29518.05,1,3,43646.76576923077,1534.6984615384617,6,0,1,0,7,0,0,alta_cobertura
RCT-2025-000017,6.0,0.0,1,2,0,1,0.0,0.0,0,0,67711.66,1747.2816666666668,7,0,0,0,3,0,1,alta_cobertura
RCT-2025-000018,18.0,0.16666666666666666,1,2,0,0,0.0,0.0,0,0,36052.753333333334,1680.535,7,0,0,0,10,0,1,alta_cobertura
RCT-2025-000019,59.0,0.11864406779661017,1,3,0,0,0.0,0.0,0,0,58492.48220338983,1875.6191525423728,7,0,1,0,8,0,0,alta_cobertura
RCT-2026-000020,101.0,0.7524752475247525,0,5,1,1,1202495.12,1437965.23,3,1,39915.78663366337,2728.1449504950497,3,1,0,0,4,1,0,alto_risco
RCT-2026-000021,93.0,0.46236559139784944,1,5,1,1,1506984.5,1973793.05,3,2,32161.27548387097,3357.957096774194,4,1,0,0,5,0,0,alto_risco
RCT-2024-000022,109.0,0.44036697247706424,0,4,0,1,1027144.59,1273104.47,3,3,19945.480366972475,3970.5453211009176,5,1,0,0,3,1,0,alto_risco
RCT-2026-000023,36.0,0.5277777777777778,0,5,0,1,1364355.1600000001,1567984.97,3,1,34012.49416666667,2881.2211111111114,3,1,0,0,5,1,1,alto_risco
RCT-2025-000024,105.0,0.7047619047619048,0,5,1,1,946749.18,1040595.6699999999,2,1,36983.15638095238,3172.250380952381,2,0,0,0,9,1,1,alto_risco
RCT-2025-000025,15.0,0.4666666666666667,1,3,1,0,0.0,0.0,0,0,41673.314666666665,2022.4706666666668,3,0,0,1,67,1,0,referral
RCT-2026-000026,37.0,0.24324324324324326,1,4,0,0,0.0,0.0,0,0,21379.729189189187,2826.163243243243,3,0,0,1,84,1,0,referral
RCT-2025-000027,29.0,0.1724137931034483,1,1,0,0,0.0,0.0,0,0,54160.403103448276,1400.101379310345,8,0,1,0,4,0,1,alta_cobertura
RCT-2026-000028,97.0,0.8350515463917526,0,5,0,1,1079826.51,1210777.94,2,1,33687.02164948454,2596.7982474226806,2,1,0,0,8,0,1,alto_risco
RCT-2025-000029,55.0,0.12727272727272726,1,3,0,0,0.0,0.0,0,0,62461.97236363636,1811.4003636363636,7,0,1,0,6,0,0,alta_cobertura
RCT-2025-000030,28.0,0.21428571428571427,1,1,1,0,0.0,0.0,0,0,43794.07214285714,978.715,6,0,0,0,10,0,1,alta_cobertura
RCT-2026-000031,6.0,0.3333333333333333,1,2,1,1,0.0,0.0,0,0,45993.43666666667,1397.8666666666668,1,1,0,1,41,0,0,referral
RCT-2025-000032,33.0,0.2727272727272727,1,3,0,1,0.0,0.0,0,0,29663.354545454546,2818.680303030303,4,1,0,1,72,1,0,referral
RCT-2026-000033,114.0,0.45614035087719296,0,4,1,1,1168384.06,1285117.08,2,1,33469.9,2060.7239473684212,3,0,0,0,4,0,1,alto_risco
RCT-2025-000034,17.0,0.4117647058823529,1,4,0,1,0.0,0.0,0,0,24297.544705882352,1526.53,3,0,0,1,29,1,0,referral
RCT-2024-000035,51.0,0.09803921568627451,0,2,0,0,0.0,0.0,0,0,41025.92176470588,1300.945294117647,8,0,0,0,1,0,1,alta_cobertura
RCT-2025-000036,40.0,0.4,0,5,1,1,620870.53,784596.8200000001,2,1,39154.992249999996,2893.58725,3,1,0,0,7,1,0,alto_risco
RCT-2025-000037,54.0,0.1111111111111111,1,1,0,0,0.0,0.0,0,0,45806.944814814815,2162.265,6,0,1,0,4,0,1,alta_cobertura
RCT-2026-000038,7.0,0.0,1,2,0,0,0.0,0.0,0,0,65381.08571428571,950.8842857142856,6,0,0,0,2,0,1,alta_cobertura
RCT-2025-000039,6.0,0.3333333333333333,0,3,0,0,0.0,0.0,0,0,31300.38,1757.2466666666667,3,0,0,1,27,0,0,referral
RCT-2025-000040,35.0,0.2571428571428571,1,2,1,1,0.0,0.0,0,0,37917.393142857145,2312.4565714285714,1,1,0,1,58,1,0,referral
RCT-2025-000041,53.0,0.22641509433962265,1,3,0,0,0.0,0.0,0,0,72294.6137735849,1033.366603773585,6,0,0,1,5,0,1,alta_cobertura
RCT-2024-000042,19.0,0.2631578947368421,0,1,0,0,0.0,0.0,0,0,65276.80894736843,1080.4305263157894,7,0,1,0,7,0,1,alta_cobertura
RCT-2024-000043,12.0,0.25,1,1,0,1,0.0,0.0,0,0,77670.18416666666,1368.7849999999999,8,0,1,0,4,0,1,alta_cobertura
RCT-2025-000044,52.0,0.0,1,3,0,0,0.0,0.0,0,0,76668.54903846154,954.4776923076922,8,0,1,0,2,0,1,alta_cobertura
RCT-2025-000045,24.0,0.20833333333333334,0,4,0,0,0.0,0.0,0,0,23077.937083333334,1728.7795833333332,6,0,0,1,71,1,0,referral
RCT-2024-000046,32.0,0.09375,0,1,0,0,0.0,0.0,0,0,48600.6690625,2133.470625,8,0,0,0,7,0,0,alta_cobertura
RCT-2026-000047,119.0,0.4957983193277311,0,5,0,1,822330.1499999999,1143241.46,2,1,23685.632352941175,2662.8869747899157,2,1,0,0,2,0,0,alto_risco
RCT-2025-000048,38.0,0.15789473684210525,0,4,1,1,19310.11,19724.45,1,0,43033.44921052632,2258.0147368421053,5,1,0,1,65,0,0,referral
RCT-2025-000049,8.0,0.25,0,4,0,0,0.0,0.0,0,0,22436.68625,2754.80625,3,0,0,1,31,0,0,referral
RCT-2025-000050,46.0,0.2826086956521739,1,2,0,0,0.0,0.0,0,0,53323.62826086956,1314.850652173913,6,0,1,0,8,0,1,alta_cobertura
RCT-2025-000051,13.0,0.46153846153846156,0,3,0,0,0.0,0.0,0,0,39627.800769230766,2788.210769230769,5,0,0,1,35,1,0,referral
RCT-2025-000052,96.0,0.5,0,5,1,1,1311271.28,1410171.53,3,3,27983.317708333332,3970.7078125000003,3,1,0,0,9,1,1,alto_risco
RCT-2025-000053,4.0,0.25,1,2,1,1,0.0,0.0,0,0,47615.6275,2594.95,6,0,0,1,89,0,0,referral
RCT-2025-000054,16.0,0.125,1,3,1,0,0.0,0.0,0,0,74788.023125,1606.148125,7,0,1,0,5,0,1,alta_cobertura
RCT-2025-000055,19.0,0.42105263157894735,1,2,1,0,0.0,0.0,0,0,36510.57684210526,1209.326842105263,3,0,0,1,86,1,0,referral
RCT-2024-000056,123.0,0.44715447154471544,0,5,1,1,804403.03,967960.62,2,1,36276.49349593496,4334.113333333333,3,1,0,0,3,1,1,alto_risco
RCT-2025-000057,20.0,0.0,1,1,0,0,0.0,0.0,0,0,48377.195,2122.8265,6,0,1,0,6,0,1,alta_cobertura
RCT-2026-000058,37.0,0.43243243243243246,0,4,0,1,0.0,0.0,0,0,37494.43027027027,1569.7227027027027,4,1,0,1,25,0,0,referral
RCT-2026-000059,28.0,0.21428571428571427,1,4,0,0,0.0,0.0,0,0,32610.858214285716,2362.585357142857,3,0,0,1,24,1,0,referral
RCT-2025-000060,10.0,0.2,0,4,1,1,0.0,0.0,0,0,32577.218,2657.061,4,0,0,1,43,0,0,referral
RCT-2026-000061,18.0,0.3888888888888889,1,2,0,1,0.0,0.0,0,0,36701.543333333335,1695.2772222222222,2,0,0,1,42,0,0,referral
RCT-2025-000062,36.0,0.2222222222222222,1,2,0,0,0.0,0.0,0,0,29907.889722222222,1658.9922222222222,6,1,0,1,63,1,0,referral
RCT-2025-000063,122.0,0.6967213114754098,0,4,1,1,581738.8,636687.05,2,1,22710.557131147543,3551.5476229508195,3,1,0,0,4,1,0,alto_risco
RCT-2026-000064,67.0,0.5223880597014925,0,5,1,1,369392.97,454939.74,1,3,35976.7123880597,3214.649850746269,2,1,0,0,9,1,0,alto_risco
RCT-2026-000065,5.0,0.2,1,1,1,0,0.0,0.0,0,0,52949.888,2147.088,7,0,1,0,5,0,0,alta_cobertura
RCT-2026-000066,76.0,0.5921052631578947,0,4,0,0,624214.94,834105.1000000001,2,1,31452.73105263158,3266.182894736842,3,1,0,0,1,1,0,alto_risco
RCT-2026-000067,54.0,0.8148148148148148,0,5,0,1,164168.41,196690.59,1,1,34597.25703703704,2826.0,5,1,0,0,7,1,1,alto_risco
RCT-2025-000068,70.0,0.6714285714285714,0,4,1,1,1314698.47,1363871.56,3,2,38605.55742857143,2775.0372857142856,7,0,0,0,1,1,0,alto_risco
RCT-2026-000069,75.0,0.88,0,4,1,1,929960.83,1092577.4,3,1,32320.881999999998,2586.594266666667,0,0,0,0,4,0,0,alto_risco
RCT-2026-000070,25.0,0.16,0,2,0,0,0.0,0.0,0,0,24522.347999999998,2442.7872,4,0,0,1,66,1,0,referral
RCT-2025-000071,18.0,0.16666666666666666,1,3,0,0,0.0,0.0,0,0,39319.34611111111,1718.6883333333333,7,0,1,0,8,0,1,alta_cobertura
RCT-2026-000072,60.0,0.7833333333333333,0,5,1,1,469753.87,567894.4299999999,2,2,17118.799166666668,3459.1081666666664,2,1,0,0,2,1,1,alto_risco
RCT-2025-000073,60.0,0.1,1,3,0,0,0.0,0.0,0,0,55540.299,1543.9073333333333,8,0,1,0,7,0,1,alta_cobertura
RCT-2026-000074,18.0,0.2777777777777778,1,1,0,0,0.0,0.0,0,0,70272.02444444444,1957.5888888888887,7,0,1,0,4,0,1,alta_cobertura
RCT-2025-000075,35.0,0.4857142857142857,0,4,1,0,0.0,0.0,0,0,33559.75171428572,1945.6051428571427,3,0,0,1,67,0,0,referral
RCT-2025-000076,5.0,0.2,1,2,0,0,0.0,0.0,0,0,52979.088,1919.056,8,0,1,0,6,0,1,alta_cobertura
RCT-2024-000077,108.0,0.5555555555555556,0,4,1,1,465833.42,637492.1,1,2,27986.10638888889,3402.93462962963,4,1,0,0,6,1,0,alto_risco
RCT-2026-000078,124.0,0.8064516129032258,0,4,0,1,1014858.9700000001,1253780.02,3,3,34776.91653225807,2959.3495967741933,3,1,0,0,3,1,1,alto_risco
RCT-2025-000079,3.0,0.3333333333333333,0,3,1,0,0.0,0.0,0,0,32462.960000000003,2101.8866666666668,5,0,0,1,87,1,0,referral
RCT-2026-000080,30.0,0.16666666666666666,1,1,0,0,0.0,0.0,0,0,30567.530000000002,1078.3753333333332,7,0,1,0,2,0,0,alta_cobertura
RCT-2025-000081,10.0,0.4,1,3,1,0,0.0,0.0,0,0,42223.399,1407.6,3,1,0,1,49,1,0,referral
RCT-2025-000082,29.0,0.20689655172413793,1,4,0,0,17438.71,18161.97,1,0,36592.74172413793,1789.141724137931,4,1,0,1,49,1,0,referral
RCT-2026-000083,144.0,0.6041666666666666,0,4,1,1,393277.45,397544.9,1,2,37389.448472222226,2915.253402777778,4,1,0,0,1,0,0,alto_risco
RCT-2026-000084,28.0,0.39285714285714285,0,4,0,1,0.0,0.0,0,0,23597.406785714287,1677.0142857142857,6,1,0,1,49,0,0,referral
RCT-2025-000085,28.0,0.32142857142857145,0,2,1,0,12001.98,12782.89,1,0,48127.246785714284,2435.3135714285713,6,1,0,1,18,0,0,referral
RCT-2025-000086,145.0,0.6275862068965518,1,4,0,1,791874.38,847309.85,1,3,17193.03875862069,3093.383517241379,2,1,0,0,7,0,0,alto_risco
RCT-2025-000087,25.0,0.48,0,2,0,1,34830.36,51951.49,1,0,44488.554800000005,1679.7488,2,0,0,1,38,1,0,referral
RCT-2026-000088,52.0,0.21153846153846154,0,2,0,0,0.0,0.0,0,0,75939.03942307692,1832.018846153846,7,0,0,0,6,0,1,alta_cobertura
RCT-2025-000089,26.0,0.5,1,2,1,1,0.0,0.0,0,0,30704.76653846154,2304.6761538461537,3,0,0,1,90,0,0,referral
RCT-2025-000090,28.0,0.42857142857142855,0,3,1,0,0.0,0.0,0,0,30072.48392857143,2512.7146428571427,4,1,0,1,55,1,0,referral
RCT-2025-000091,34.0,0.4411764705882353,1,2,0,0,0.0,0.0,0,0,30138.517647058823,2960.4747058823527,6,0,0,1,76,0,0,referral
RCT-2026-000092,51.0,0.8823529411764706,0,4,1,1,281514.22,345656.46,1,1,17048.402352941175,2587.890980392157,4,0,0,0,5,1,1,alto_risco
RCT-2024-000093,84.0,0.5357142857142857,0,4,1,1,611058.94,814582.94,1,1,32857.6425,4237.498452380953,1,1,0,0,3,0,1,alto_risco
RCT-2026-000094,35.0,0.8857142857142857,0,5,0,1,1447041.9,1568841.14,3,2,18741.058,2103.8008571428572,1,1,0,1,5,0,0,alto_risco
RCT-2025-000095,24.0,0.375,1,3,0,1,0.0,0.0,0,0,38149.37416666667,2511.83875,3,1,0,1,62,0,0,referral
RCT-2026-000096,115.0,0.6521739130434783,1,4,1,1,225150.5,275929.97,1,1,27219.66843478261,2453.2328695652177,2,1,0,0,1,1,0,alto_risco
RCT-2024-000097,48.0,0.0625,1,3,0,0,0.0,0.0,0,0,55575.68583333333,1033.0058333333334,8,0,1,1,1,0,1,alta_cobertura
RCT-2026-000098,60.0,0.7166666666666667,0,5,1,1,699704.03,726626.69,1,1,19747.879,3344.5144999999998,2,0,0,0,5,1,0,alto_risco
RCT-2025-000099,52.0,0.07692307692307693,1,2,0,0,27248.18,27321.13,1,3,64034.88826923077,1055.7607692307693,8,0,1,0,6,0,1,alta_cobertura
RCT-2025-000100,14.0,0.42857142857142855,1,2,0,0,0.0,0.0,0,0,25982.427857142855,1267.9057142857143,4,0,0,1,22,1,0,referral
RCT-2025-000101,22.0,0.13636363636363635,1,3,0,0,0.0,0.0,0,0,20573.741818181818,2661.615,4,1,0,1,36,1,0,referral
RCT-2026-000102,93.0,0.7096774193548387,0,5,0,1,1155281.72,1425005.7200000002,3,1,25470.64376344086,3691.961182795699,3,0,0,0,2,0,1,alto_risco
RCT-2025-000103,10.0,0.4,0,4,0,1,40787.57,57664.64,1,0,32779.856,2418.18,4,1,0,1,80,0,0,referral
RCT-2025-000104,26.0,0.038461538461538464,1,1,0,0,0.0,0.0,0,0,71926.82384615384,1789.8034615384615,8,0,0,0,7,0,1,alta_cobertura
RCT-2026-000105,65.0,0.4,0,4,1,1,156086.44,194140.27000000002,2,1,31084.967846153846,1947.3284615384616,2,1,0,1,10,0,0,alto_risco
RCT-2026-000106,31.0,0.22580645161290322,0,4,0,0,0.0,0.0,0,0,44759.32967741935,1813.537419354839,1,0,0,1,17,0,0,referral
RCT-2026-000107,122.0,0.7295081967213115,1,4,1,0,579684.25,826583.75,1,3,38165.663278688524,2919.069918032787,2,0,0,0,5,0,1,alto_risco
RCT-2026-000108,37.0,0.24324324324324326,0,3,0,0,0.0,0.0,0,0,65074.71540540541,1288.587027027027,6,0,0,0,3,0,1,alta_cobertura
RCT-2025-000109,69.0,0.855072463768116,1,5,1,1,587950.86,697444.5700000001,2,3,39588.30985507246,3920.9369565217394,5,0,0,0,9,1,0,alto_risco
RCT-2026-000110,27.0,0.25925925925925924,0,4,0,0,0.0,0.0,0,0,28825.33148148148,2935.721851851852,0,1,0,1,21,1,0,referral
RCT-2024-000111,3.0,0.3333333333333333,0,3,0,0,0.0,0.0,0,0,30482.09,1926.1499999999999,2,0,0,1,34,1,0,referral
RCT-2026-000112,110.0,0.5727272727272728,0,4,1,1,1508156.69,1754358.58,3,1,31288.20490909091,2600.371727272727,2,1,0,1,10,1,0,alto_risco
RCT-2025-000113,47.0,0.7872340425531915,0,4,1,1,277262.76,333037.89,2,3,17653.3885106383,4305.728936170213,1,0,0,0,5,1,0,alto_risco
RCT-2025-000114,12.0,0.16666666666666666,1,2,1,0,0.0,0.0,0,0,21631.649166666666,2221.1266666666666,4,0,0,1,83,0,0,referral
RCT-2025-000115,34.0,0.47058823529411764,1,3,0,0,0.0,0.0,0,0,26645.77117647059,1643.115294117647,5,0,0,1,51,1,0,referral
RCT-2025-000116,11.0,0.09090909090909091,1,1,0,0,0.0,0.0,0,0,37431.64909090909,1750.080909090909,7,0,1,0,9,0,0,alta_cobertura
RCT-2026-000117,5.0,0.2,1,1,0,0,0.0,0.0,0,0,74077.6,2093.272,8,0,1,0,3,0,1,alta_cobertura
RCT-2026-000118,41.0,0.04878048780487805,1,2,0,0,0.0,0.0,0,0,39345.28390243902,1174.9721951219512,8,0,1,0,2,0,0,alta_cobertura
RCT-2024-000119,18.0,0.16666666666666666,1,3,0,0,0.0,0.0,0,0,44172.73111111111,1760.2683333333334,7,0,1,0,4,0,1,alta_cobertura
RCT-2026-000120,14.0,0.35714285714285715,0,2,0,0,41517.36,48293.26,1,0,38442.445,2056.5642857142857,6,1,0,1,58,1,0,referral
RCT-2026-000121,60.0,0.016666666666666666,1,2,0,0,0.0,0.0,0,0,30355.704,1866.7393333333334,7,0,1,0,7,0,0,alta_cobertura
RCT-2026-000122,42.0,0.07142857142857142,0,1,0,0,0.0,0.0,0,0,41488.56523809524,1054.8114285714287,6,0,0,1,6,0,1,alta_cobertura
RCT-2024-000123,48.0,0.20833333333333334,1,1,0,0,0.0,0.0,0,0,54718.41895833333,1127.8525,6,0,1,1,3,0,1,alta_cobertura
RCT-2025-000124,13.0,0.38461538461538464,1,3,0,1,0.0,0.0,0,0,28295.235384615386,2933.9176923076925,4,0,0,1,26,1,0,referral
RCT-2026-000125,12.0,0.25,0,3,0,0,0.0,0.0,0,0,50621.29833333333,1940.21,6,0,1,1,5,0,1,alta_cobertura
RCT-2025-000126,40.0,0.275,1,3,0,0,0.0,0.0,0,0,33924.378749999996,1055.842,8,0,0,0,10,0,0,alta_cobertura
RCT-2025-000127,25.0,0.16,0,1,0,0,0.0,0.0,0,0,64912.2284,2169.4592000000002,8,0,1,1,8,0,0,alta_cobertura
RCT-2025-000128,95.0,0.5263157894736842,0,5,0,1,1288452.5,1589799.46,3,3,35000.93642105263,2329.3706315789473,0,0,0,0,6,1,1,alto_risco
RCT-2025-000129,28.0,0.10714285714285714,1,1,0,0,0.0,0.0,0,0,38378.77678571428,1088.3028571428572,7,0,0,0,6,0,1,alta_cobertura
RCT-2025-000130,54.0,0.5555555555555556,0,5,0,1,859290.4299999999,1140910.44,3,1,17388.842962962965,2872.0231481481483,5,0,0,0,10,1,0,alto_risco
RCT-2025-000131,60.0,0.16666666666666666,1,2,0,0,0.0,0.0,0,0,36815.022666666664,1885.7815,8,0,1,0,9,0,1,alta_cobertura
RCT-2026-000132,17.0,0.4117647058823529,0,4,1,0,0.0,0.0,0,0,39453.711176470584,1689.3570588235293,2,0,0,1,86,1,0,referral
RCT-2025-000133,17.0,0.11764705882352941,1,1,0,0,0.0,0.0,0,0,67528.47882352941,1004.29,8,0,1,0,2,0,0,alta_cobertura
RCT-2025-000134,5.0,0.0,1,3,0,0,0.0,0.0,0,0,61926.0,1229.306,7,0,1,0,8,0,1,alta_cobertura
RCT-2024-000135,60.0,0.7,0,4,1,1,805227.27,1031916.11,2,3,39541.89283333333,2428.2215,2,0,0,0,1,0,1,alto_risco
RCT-2026-000136,69.0,0.5652173913043478,0,5,1,1,249567.91999999998,323874.13,2,1,39179.07898550725,1971.0227536231885,1,0,0,0,9,1,1,alto_risco
RCT-2026-000137,98.0,0.7244897959183674,0,4,0,1,180612.02,201337.06,1,3,16016.328775510205,2517.702244897959,1,1,0,0,10,0,1,alto_risco
RCT-2026-000138,29.0,0.41379310344827586,0,4,0,1,0.0,0.0,0,0,32370.298620689657,2720.7372413793105,0,0,0,1,73,0,0,referral
RCT-2024-000139,148.0,0.6283783783783784,0,5,1,1,1556118.44,1795758.1400000001,3,1,17357.178175675675,3343.3519594594595,2,1,0,0,5,1,0,alto_risco
RCT-2025-000140,24.0,0.25,0,2,1,0,0.0,0.0,0,0,42585.206249999996,2947.8725,3,0,0,1,44,1,0,referral
RCT-2025-000141,10.0,0.1,1,1,0,0,0.0,0.0,0,0,59693.856999999996,1316.96,7,0,1,0,8,0,1,alta_cobertura
RCT-2024-000142,129.0,0.5193798449612403,0,4,1,1,71030.35,93435.32,1,1,27075.658294573645,2498.3765891472867,4,0,0,0,2,1,0,alto_risco
RCT-2026-000143,5.0,0.0,1,1,0,1,0.0,0.0,0,0,65623.45999999999,1628.894,6,0,1,0,6,0,0,alta_cobertura
RCT-2025-000144,24.0,0.08333333333333333,0,1,0,0,0.0,0.0,0,0,58644.9275,1442.5333333333335,7,0,1,0,1,0,0,alta_cobertura
RCT-2025-000145,15.0,0.4666666666666667,1,3,1,0,0.0,0.0,0,0,32337.552666666666,1945.2720000000002,2,0,0,1,70,0,0,referral
RCT-2025-000146,103.0,0.7087378640776699,0,5,1,1,1352088.9,1523347.7000000002,3,2,20563.855339805825,4365.5347572815535,3,0,0,0,10,1,1,alto_risco
RCT-2026-000147,83.0,0.8192771084337349,1,4,0,1,1065442.6099999999,1152203.98,2,2,26589.47385542169,4239.92421686747,3,0,0,1,9,1,1,alto_risco
RCT-2024-000148,46.0,0.2826086956521739,1,2,0,0,0.0,0.0,0,0,45403.1102173913,966.703695652174,6,0,1,0,2,0,1,alta_cobertura
RCT-2024-000149,3.0,0.3333333333333333,0,3,1,1,0.0,0.0,0,0,21651.916666666668,1532.7133333333334,4,0,0,1,78,1,0,referral
RCT-2026-000150,61.0,0.7049180327868853,0,5,1,1,1829700.73,2077716.1400000001,3,1,20246.13426229508,2917.146393442623,3,1,0,0,3,0,1,alto_risco
RCT-2025-000151,17.0,0.4117647058823529,0,4,0,1,0.0,0.0,0,0,35200.68882352941,1753.9905882352941,5,0,0,1,18,1,0,referral
RCT-2026-000152,33.0,0.45454545454545453,0,3,0,0,0.0,0.0,0,0,30607.866363636364,2798.45303030303,3,0,0,1,34,1,0,referral
RCT-2026-000153,125.0,0.776,0,5,1,0,1502213.62,1819311.64,3,2,27501.35768,3103.1906400000003,4,1,0,0,1,0,0,alto_risco
RCT-2024-000154,9.0,0.3333333333333333,0,2,0,1,0.0,0.0,0,0,23071.258888888886,2207.3266666666664,4,0,0,1,88,1,0,referral
RCT-2024-000155,8.0,0.0,1,2,0,0,20067.62,20423.55,1,3,53413.795,2095.59625,7,0,1,0,7,0,1,alta_cobertura
RCT-2026-000156,24.0,0.4166666666666667,0,3,1,0,0.0,0.0,0,0,22127.719583333335,2201.0695833333334,4,0,0,1,18,1,0,referral
RCT-2025-000157,40.0,0.275,0,4,1,0,45242.35,50111.65,1,0,37892.1625,2433.91575,6,0,0,1,84,1,0,referral
RCT-2025-000158,23.0,0.13043478260869565,1,3,1,0,0.0,0.0,0,0,30042.165652173917,2158.269565217391,5,0,1,0,6,0,0,alta_cobertura
RCT-2025-000159,50.0,0.12,1,3,0,0,0.0,0.0,0,0,50792.7734,1734.9157999999998,7,0,1,0,3,0,1,alta_cobertura
RCT-2026-000160,27.0,0.07407407407407407,1,3,0,0,0.0,0.0,0,0,33911.729999999996,1504.4174074074074,6,0,0,0,8,0,1,alta_cobertura
RCT-2026-000161,56.0,0.17857142857142858,1,2,0,0,0.0,0.0,0,0,53658.02660714286,979.8430357142857,6,0,1,0,1,0,0,alta_cobertura
RCT-2025-000162,59.0,0.23728813559322035,1,2,0,0,0.0,0.0,0,0,37707.514915254236,2114.124406779661,7,0,1,0,5,0,1,alta_cobertura
RCT-2024-000163,25.0,0.12,1,3,0,0,17966.55,25418.31,1,0,48852.8816,2421.288,5,0,0,1,36,1,0,referral
RCT-2026-000164,99.0,0.5959595959595959,0,4,1,1,101142.69,114751.56,1,1,17298.53202020202,1863.9913131313133,6,0,0,0,10,0,0,alto_risco
RCT-2026-000165,19.0,0.21052631578947367,0,3,0,1,0.0,0.0,0,0,49382.65947368421,1324.9173684210527,5,1,0,1,73,1,0,referral
RCT-2024-000166,34.0,0.4411764705882353,0,4,0,1,980532.1100000001,1236718.77,3,3,28503.21794117647,3920.5305882352945,0,1,0,0,8,0,1,alto_risco
RCT-2026-000167,9.0,0.3333333333333333,1,2,0,0,13096.21,15745.59,1,0,21681.633333333335,1266.6766666666667,4,0,0,1,71,1,0,referral
RCT-2025-000168,43.0,0.6511627906976745,1,4,1,1,233268.07,316844.03,1,1,18020.060930232557,2885.4232558139533,4,0,0,0,3,0,1,alto_risco
RCT-2025-000169,38.0,0.15789473684210525,1,2,0,0,0.0,0.0,0,0,24292.635789473687,1428.4063157894736,3,1,0,1,27,1,0,referral
RCT-2024-000170,5.0,0.2,1,2,0,1,0.0,0.0,0,0,62243.042,956.05,7,0,1,0,10,0,0,alta_cobertura
RCT-2025-000171,14.0,0.14285714285714285,1,3,1,1,0.0,0.0,0,0,22205.891428571427,2804.457142857143,6,0,0,1,24,1,0,referral
RCT-2024-000172,22.0,0.045454545454545456,1,2,0,0,0.0,0.0,0,0,79783.21681818181,1535.9772727272727,5,0,1,0,5,0,1,alta_cobertura
RCT-2024-000173,42.0,0.2857142857142857,0,2,0,1,0.0,0.0,0,0,34536.475238095234,1741.9321428571427,7,0,1,0,7,0,1,alta_cobertura
RCT-2025-000174,28.0,0.17857142857142858,0,2,0,1,0.0,0.0,0,0,21644.35035714286,2524.3692857142855,3,0,0,1,15,1,0,referral
RCT-2025-000175,38.0,0.39473684210526316,1,4,0,0,0.0,0.0,0,0,34104.91552631579,2693.2076315789473,5,0,0,1,84,0,0,referral
RCT-2025-000176,138.0,0.6304347826086957,1,4,1,1,693667.88,817377.51,2,2,35049.72753623188,1859.49884057971,2,0,0,0,2,0,1,alto_risco
RCT-2025-000177,72.0,0.8888888888888888,0,4,1,1,316871.49,372866.72,1,2,19612.414583333335,2503.0994444444445,5,1,0,0,6,1,1,alto_risco
RCT-2026-000178,149.0,0.7718120805369127,0,5,1,1,1303844.86,1513910.13,3,1,17312.028255033558,3004.1262416107384,2,1,0,0,5,0,0,alto_risco
RCT-2026-000179,23.0,0.08695652173913043,1,3,0,0,0.0,0.0,0,0,76657.65,1336.0417391304347,7,0,1,0,2,0,1,alta_cobertura
RCT-2026-000180,13.0,0.07692307692307693,1,1,0,0,0.0,0.0,0,0,75339.66,1133.1838461538462,8,0,1,0,8,0,1,alta_cobertura
RCT-2026-000181,32.0,0.25,1,1,0,0,0.0,0.0,0,0,61947.32625,1279.1634375,7,0,1,0,2,0,1,alta_cobertura
RCT-2026-000182,59.0,0.2033898305084746,1,2,0,0,0.0,0.0,0,0,64482.64152542373,1626.2516949152543,7,0,0,0,6,0,1,alta_cobertura
RCT-2025-000183,10.0,0.4,0,3,0,1,0.0,0.0,0,0,22358.148999999998,1434.393,5,0,0,1,54,0,0,referral
RCT-2024-000184,8.0,0.125,0,3,1,0,0.0,0.0,0,0,66427.705,1550.825,6,0,1,0,5,0,0,alta_cobertura
RCT-2025-000185,140.0,0.7785714285714286,1,4,0,1,912241.57,998435.6,2,1,24031.26142857143,3138.703285714286,1,1,0,0,9,1,0,alto_risco
RCT-2026-000186,34.0,0.38235294117647056,1,4,0,0,22981.56,26517.06,1,0,32741.12617647059,1619.1652941176471,5,0,0,1,25,0,0,referral
RCT-2025-000187,35.0,0.2,0,2,0,0,0.0,0.0,0,0,42805.14342857143,2321.8185714285714,5,0,0,1,47,1,0,referral
RCT-2025-000188,53.0,0.018867924528301886,1,3,0,0,0.0,0.0,0,0,53795.55283018867,1643.873396226415,8,0,0,0,8,0,1,alta_cobertura
RCT-2025-000189,23.0,0.08695652173913043,1,2,0,0,0.0,0.0,0,0,38488.962173913045,1048.8126086956522,7,0,1,0,6,0,1,alta_cobertura
RCT-2025-000190,6.0,0.3333333333333333,1,3,0,0,0.0,0.0,0,0,43257.755,1178.3033333333333,5,0,1,0,10,0,1,alta_cobertura
RCT-2025-000191,22.0,0.0,1,3,0,0,0.0,0.0,0,0,58842.16454545455,2021.5227272727273,8,0,1,0,4,0,1,alta_cobertura
RCT-2026-000192,30.0,0.4666666666666667,0,2,0,0,0.0,0.0,0,0,40605.647,1489.0516666666667,3,1,0,1,40,1,0,referral
RCT-2026-000193,59.0,0.4745762711864407,0,5,0,0,598218.28,759209.94,2,2,17798.309152542373,2179.512372881356,1,0,0,0,9,0,1,alto_risco
RCT-2025-000194,38.0,0.5,0,5,1,1,862517.73,922822.1,2,2,36036.82421052632,3435.6997368421053,1,0,0,0,5,0,1,alto_risco
RCT-2025-000195,130.0,0.7769230769230769,0,5,1,1,426625.3,564975.42,1,1,32462.054692307694,4025.8823076923077,0,1,0,0,8,0,0,alto_risco
RCT-2025-000196,45.0,0.08888888888888889,1,2,0,0,9361.77,9956.66,1,3,41224.35666666667,2049.643777777778,6,0,0,0,4,0,1,alta_cobertura
RCT-2025-000197,32.0,0.1875,1,1,0,0,0.0,0.0,0,0,44148.3621875,2193.7696875,6,0,1,0,10,0,1,alta_cobertura
RCT-2024-000198,26.0,0.34615384615384615,0,4,0,1,0.0,0.0,0,0,48179.65807692308,2994.131153846154,5,0,0,1,75,1,0,referral
RCT-2025-000199,139.0,0.6762589928057554,0,5,0,1,622135.9500000001,829429.71,2,1,36923.40964028777,2563.898848920863,4,0,0,1,9,0,0,alto_risco
RCT-2024-000200,84.0,0.6190476190476191,0,4,1,1,494164.05,536986.78,3,1,29588.684761904762,3381.3289285714286,5,0,0,1,8,0,0,alto_risco
RCT-2026-000201,3.0,0.3333333333333333,1,3,1,0,0.0,0.0,0,0,26246.683333333334,1236.92,4,0,0,1,56,1,0,referral
RCT-2026-000202,11.0,0.2727272727272727,1,3,1,0,0.0,0.0,0,0,39428.318181818184,2417.591818181818,5,0,0,1,40,0,0,referral
RCT-2026-000203,13.0,0.23076923076923078,1,2,0,0,0.0,0.0,0,0,38977.61,1760.0515384615383,8,0,1,0,7,0,1,alta_cobertura
RCT-2025-000204,19.0,0.21052631578947367,0,4,0,0,8212.87,12557.03,1,0,41777.34210526316,2539.644210526316,6,0,0,1,38,0,0,referral
RCT-2025-000205,27.0,0.7407407407407407,1,4,1,1,1233818.48,1459227.42,3,1,36494.91111111111,3073.0207407407406,4,1,0,0,8,0,0,alto_risco
RCT-2026-000206,139.0,0.7266187050359713,0,4,0,1,430924.04,549131.68,1,1,22334.85107913669,2154.128129496403,4,0,0,0,10,0,0,alto_risco
RCT-2026-000207,45.0,0.7111111111111111,1,4,1,1,930585.44,1043223.71,3,1,23508.105333333333,2496.119777777778,4,1,0,0,5,0,1,alto_risco
RCT-2024-000208,62.0,0.7580645161290323,0,4,0,1,375869.5,403706.88,1,1,25543.055161290322,3834.46935483871,3,1,0,0,3,1,1,alto_risco
RCT-2025-000209,30.0,0.3,1,3,0,0,0.0,0.0,0,0,69417.079,1607.753,6,0,1,1,1,0,1,alta_cobertura
RCT-2026-000210,67.0,0.5970149253731343,0,5,1,1,1051588.5499999998,1129469.44,2,2,36039.58597014925,3776.362686567164,3,1,0,0,9,1,0,alto_risco
RCT-2025-000211,52.0,0.07692307692307693,1,1,0,0,0.0,0.0,0,0,59215.18884615384,2033.6192307692306,8,0,1,0,6,0,0,alta_cobertura
RCT-2026-000212,36.0,0.2222222222222222,1,1,0,0,0.0,0.0,0,0,37143.46944444444,936.3711111111111,8,0,0,0,9,0,1,alta_cobertura
RCT-2026-000213,3.0,0.0,1,3,1,0,0.0,0.0,0,0,22679.45,2510.1566666666668,3,0,0,1,76,1,0,referral
RCT-2026-000214,60.0,0.05,1,2,1,0,0.0,0.0,0,0,70346.05116666667,1477.4983333333332,6,0,1,0,5,0,1,alta_cobertura
RCT-2026-000215,23.0,0.2608695652173913,1,2,0,0,0.0,0.0,0,0,32384.684347826085,1776.0747826086956,7,0,0,1,36,1,0,referral
RCT-2025-000216,12.0,0.08333333333333333,1,1,0,0,0.0,0.0,0,0,56876.78166666667,1916.6308333333334,6,0,1,0,2,0,1,alta_cobertura
RCT-2026-000217,3.0,0.0,0,4,1,1,22027.57,31541.34,1,0,32958.87333333333,1703.0233333333333,5,0,0,1,47,0,0,referral
RCT-2025-000218,34.0,0.29411764705882354,1,2,1,0,13605.49,16114.44,1,3,71373.34176470588,1956.615588235294,8,0,1,0,1,0,1,alta_cobertura
RCT-2025-000219,25.0,0.16,0,3,1,1,0.0,0.0,0,0,36553.5556,2089.2204,3,0,0,1,43,1,0,referral
RCT-2024-000220,36.0,0.3888888888888889,1,2,0,0,0.0,0.0,0,0,30844.15527777778,2039.8561111111112,3,0,0,1,83,0,0,referral
RCT-2026-000221,41.0,0.24390243902439024,0,1,0,1,0.0,0.0,0,0,71081.68975609756,1982.272682926829,6,0,1,1,7,0,1,alta_cobertura
RCT-2026-000222,149.0,0.42953020134228187,1,5,1,1,1151822.1800000002,1391745.95,3,3,30600.20389261745,3926.1820134228187,3,1,0,0,2,1,0,alto_risco
RCT-2026-000223,127.0,0.4251968503937008,1,5,1,1,1406274.1700000002,1575972.6800000002,3,1,16365.182283464566,3310.5148031496065,3,1,0,0,6,0,0,alto_risco
RCT-2025-000224,20.0,0.15,1,1,0,0,0.0,0.0,0,0,38707.3305,1157.1725000000001,8,0,0,0,4,0,0,alta_cobertura
RCT-2026-000225,9.0,0.1111111111111111,0,2,0,1,0.0,0.0,0,0,47724.66444444444,1459.9777777777776,1,0,0,1,29,1,0,referral
RCT-2025-000226,59.0,0.15254237288135594,1,1,0,0,0.0,0.0,0,0,38949.92593220339,1574.56,7,0,1,0,1,0,0,alta_cobertura
RCT-2025-000227,5.0,0.2,0,4,0,1,0.0,0.0,0,0,38633.774,2037.4560000000001,5,0,0,1,65,1,0,referral
RCT-2026-000228,140.0,0.44285714285714284,0,4,0,1,1196106.92,1272497.94,2,1,33809.58392857143,4495.693785714286,4,0,0,1,2,0,1,alto_risco
RCT-2026-000229,120.0,0.5083333333333333,0,5,1,1,591474.17,792746.72,1,2,20637.266,2757.588583333333,3,1,0,0,8,0,1,alto_risco
RCT-2024-000230,75.0,0.4266666666666667,0,4,0,1,114314.49,150077.49,1,1,15276.1772,2795.3610666666664,4,1,0,0,6,1,1,alto_risco
RCT-2025-000231,24.0,0.16666666666666666,1,2,0,0,0.0,0.0,0,0,60651.37541666667,1286.6833333333334,7,0,0,1,4,0,1,alta_cobertura
RCT-2025-000232,14.0,0.35714285714285715,1,4,1,0,0.0,0.0,0,0,42996.17214285715,1389.4042857142856,3,0,0,1,35,1,0,referral
RCT-2025-000233,30.0,0.26666666666666666,1,1,0,0,0.0,0.0,0,0,44707.23266666666,1030.6696666666667,7,0,1,0,2,0,0,alta_cobertura
RCT-2026-000234,29.0,0.8620689655172413,0,5,1,1,562809.82,706334.19,1,3,20514.19620689655,3606.1634482758623,4,0,0,0,1,0,1,alto_risco
RCT-2025-000235,32.0,0.03125,1,1,0,0,0.0,0.0,0,0,79526.564375,1597.0359375,7,0,0,0,3,0,1,alta_cobertura
RCT-2026-000236,11.0,0.2727272727272727,0,3,0,0,0.0,0.0,0,0,22381.68909090909,1638.3827272727272,5,1,0,1,76,1,0,referral
RCT-2025-000237,65.0,0.7230769230769231,0,4,1,1,728495.47,802917.27,3,3,15151.066461538461,2994.3744615384617,2,0,0,0,5,1,0,alto_risco
RCT-2024-000238,82.0,0.8780487804878049,0,5,1,1,552496.68,787869.38,1,2,33166.20585365853,2212.556463414634,1,1,0,0,6,1,0,alto_risco
RCT-2025-000239,31.0,0.2903225806451613,0,3,1,0,0.0,0.0,0,0,62545.316774193554,1805.391935483871,7,0,0,0,8,0,1,alta_cobertura
RCT-2025-000240,12.0,0.16666666666666666,1,2,1,0,29132.25,45837.91,1,0,44892.486666666664,1961.3008333333335,2,1,0,1,47,0,0,referral
RCT-2025-000241,25.0,0.44,1,2,1,0,29841.68,30917.98,1,0,35078.4124,2075.6484,7,1,0,1,54,1,0,referral
RCT-2025-000242,13.0,0.15384615384615385,1,3,0,1,0.0,0.0,0,0,20217.85846153846,2140.202307692308,4,0,0,1,23,0,0,referral
RCT-2026-000243,24.0,0.5,0,3,1,0,21127.42,24753.55,1,0,42543.192083333335,2911.911666666667,4,1,0,1,66,1,0,referral
RCT-2025-000244,23.0,0.391304347826087,1,4,1,0,0.0,0.0,0,0,29040.44913043478,2634.277391304348,4,0,0,1,25,1,0,referral
RCT-2024-000245,145.0,0.7310344827586207,1,5,0,0,645641.61,835541.37,2,1,16616.67572413793,4294.388275862069,2,1,0,1,3,0,0,alto_risco
RCT-2026-000246,39.0,0.2564102564102564,0,2,0,0,0.0,0.0,0,0,36148.78820512821,1911.5623076923075,3,0,0,1,15,1,0,referral
RCT-2025-000247,5.0,0.4,1,3,0,1,0.0,0.0,0,0,43281.162,2861.684,3,0,0,1,88,0,0,referral
RCT-2025-000248,48.0,0.14583333333333334,1,1,0,0,0.0,0.0,0,0,54122.08583333334,1474.4489583333334,6,0,0,0,2,0,0,alta_cobertura
RCT-2025-000249,9.0,0.3333333333333333,0,3,0,0,0.0,0.0,0,0,31899.344444444443,1413.8444444444444,5,0,0,1,69,1,0,referral
RCT-2024-000250,27.0,0.2222222222222222,0,4,1,0,0.0,0.0,0,0,33009.694444444445,2360.274074074074,4,0,0,1,30,1,0,referral
RCT-2026-000251,36.0,0.3055555555555556,0,4,0,1,0.0,0.0,0,0,22538.309722222224,2555.523611111111,6,1,0,1,30,0,0,referral
RCT-2026-000252,21.0,0.38095238095238093,1,2,1,0,42146.47,43179.33,1,0,28321.87142857143,2265.209523809524,5,0,0,1,55,1,0,referral
RCT-2025-000253,9.0,0.2222222222222222,1,1,0,0,0.0,0.0,0,0,41288.27333333334,2029.5122222222224,8,0,1,0,10,0,1,alta_cobertura
RCT-2026-000254,22.0,0.3181818181818182,0,2,0,1,30848.56,41238.06,1,0,37769.30363636364,1924.7722727272726,2,1,0,1,59,0,0,referral
RCT-2026-000255,29.0,0.3793103448275862,1,4,0,0,0.0,0.0,0,0,24953.39379310345,2900.7603448275863,5,1,0,1,79,1,0,referral
RCT-2025-000256,48.0,0.2916666666666667,0,3,1,0,0.0,0.0,0,0,63726.10833333334,2154.0416666666665,6,0,0,1,1,0,0,alta_cobertura
RCT-2025-000257,30.0,0.3,1,3,0,1,13115.4,17680.2,1,0,33891.70933333333,1263.7723333333333,3,0,0,1,46,1,0,referral
RCT-2025-000258,17.0,0.0,1,2,0,1,0.0,0.0,0,0,67354.55411764706,1081.8364705882354,6,0,1,0,2,0,0,alta_cobertura
RCT-2026-000259,7.0,0.0,1,3,1,0,0.0,0.0,0,0,51483.25285714286,1978.787142857143,7,0,1,0,5,0,1,alta_cobertura
RCT-2026-000260,14.0,0.21428571428571427,0,4,1,0,0.0,0.0,0,0,20529.84,1463.1764285714287,6,1,0,1,46,1,0,referral
RCT-2026-000261,24.0,0.041666666666666664,1,1,0,0,0.0,0.0,0,0,57588.411250000005,917.7600000000001,6,0,0,0,7,0,1,alta_cobertura
RCT-2024-000262,46.0,0.08695652173913043,1,1,0,0,15295.51,16212.06,1,3,39585.336304347824,956.954347826087,6,0,1,0,3,0,0,alta_cobertura
RCT-2025-000263,38.0,0.2894736842105263,1,3,0,0,0.0,0.0,0,0,40346.229736842106,1689.3839473684209,8,0,1,0,10,0,1,alta_cobertura
RCT-2026-000264,19.0,0.21052631578947367,1,2,0,0,0.0,0.0,0,0,36037.84789473684,2682.1384210526317,4,1,0,1,30,1,0,referral
RCT-2025-000265,32.0,0.71875,1,4,0,1,286085.19,296284.52,1,1,37554.2034375,2795.328125,4,1,0,0,5,1,1,alto_risco
RCT-2024-000266,79.0,0.5189873417721519,0,5,1,1,146256.01,157620.19,1,2,15337.422658227846,3493.9378481012664,5,0,0,0,9,0,0,alto_risco
RCT-2026-000267,14.0,0.07142857142857142,1,1,0,0,0.0,0.0,0,0,71139.24357142857,2049.4914285714285,6,0,1,0,9,0,1,alta_cobertura
RCT-2026-000268,143.0,0.8601398601398601,1,5,1,1,1378226.51,1688690.25,3,2,38327.37370629371,1805.8826573426572,3,1,0,0,3,1,1,alto_risco
RCT-2026-000269,18.0,0.2777777777777778,0,4,1,0,38665.04,55473.6,1,0,30480.426111111112,1307.2394444444444,3,0,0,1,78,0,0,referral
RCT-2025-000270,42.0,0.4523809523809524,0,5,1,1,83333.98,93346.69,1,3,33702.678095238094,3807.6064285714288,5,0,0,0,1,1,0,alto_risco
RCT-2025-000271,75.0,0.8133333333333334,0,4,1,1,72237.54,89023.51,1,2,28982.357200000002,3814.1885333333335,4,0,0,1,9,0,0,alto_risco
RCT-2024-000272,34.0,0.5882352941176471,0,4,0,0,1491833.78,1812085.1300000001,3,1,38587.72852941177,2649.3667647058824,3,1,0,0,4,1,1,alto_risco
RCT-2025-000273,8.0,0.5,1,3,0,0,30876.87,48635.17,1,0,38311.6175,1575.8775,4,1,0,1,33,1,0,referral
RCT-2026-000274,15.0,0.26666666666666666,1,2,0,0,6039.51,6066.89,1,3,55623.962666666666,1473.076,6,0,1,0,6,0,1,alta_cobertura
RCT-2025-000275,38.0,0.10526315789473684,0,3,0,1,0.0,0.0,0,0,32993.43184210526,1914.500789473684,5,0,0,1,35,1,0,referral
RCT-2024-000276,85.0,0.47058823529411764,0,4,0,1,591396.84,657239.8999999999,2,2,36844.39729411765,2020.614588235294,6,1,0,0,10,1,0,alto_risco
RCT-2025-000277,57.0,0.0,1,1,0,0,0.0,0.0,0,0,72863.35333333333,2126.320877192982,6,0,1,0,2,0,0,alta_cobertura
RCT-2026-000278,27.0,0.18518518518518517,1,3,0,0,0.0,0.0,0,0,42952.43407407407,2141.7055555555557,3,1,0,1,88,1,0,referral
RCT-2024-000279,49.0,0.1836734693877551,0,1,0,0,0.0,0.0,0,0,77527.57469387756,2013.2455102040817,7,0,1,0,2,0,1,alta_cobertura
RCT-2025-000280,17.0,0.29411764705882354,1,3,0,1,0.0,0.0,0,0,27254.933529411763,2987.0923529411766,4,0,0,1,54,1,0,referral
RCT-2024-000281,140.0,0.5571428571428572,1,4,1,0,255061.87,288565.05,2,3,24560.121214285715,2012.6857857142859,3,0,0,0,3,1,0,alto_risco
RCT-2025-000282,9.0,0.1111111111111111,0,2,0,0,0.0,0.0,0,0,32597.213333333333,1578.5322222222223,4,0,0,1,33,1,0,referral
RCT-2025-000283,68.0,0.8970588235294118,0,4,1,1,195718.24,205196.1,1,1,38830.73397058824,3100.252205882353,5,1,0,1,9,1,1,alto_risco
RCT-2026-000284,54.0,0.18518518518518517,1,3,0,1,0.0,0.0,0,0,44673.67722222222,1662.93,8,0,0,0,7,0,0,alta_cobertura
RCT-2026-000285,55.0,0.05454545454545454,1,1,0,0,0.0,0.0,0,0,77313.55309090909,1831.1452727272729,8,0,0,0,6,0,1,alta_cobertura
RCT-2024-000286,15.0,0.2,0,2,0,0,0.0,0.0,0,0,49005.60666666667,1435.9046666666666,5,1,0,1,50,1,0,referral
RCT-2026-000287,28.0,0.14285714285714285,0,4,1,0,0.0,0.0,0,0,26790.23785714286,2503.656071428571,3,1,0,1,21,0,0,referral
RCT-2025-000288,146.0,0.5547945205479452,0,5,1,1,42312.49,55321.97,1,2,32784.534383561644,3868.745342465753,3,1,0,0,3,1,1,alto_risco
RCT-2025-000289,51.0,0.803921568627451,0,4,1,1,877797.76,1121980.61,3,1,29431.057058823528,4369.035490196078,2,1,0,0,5,1,0,alto_risco
RCT-2025-000290,51.0,0.27450980392156865,1,3,0,0,0.0,0.0,0,0,65791.16588235294,1706.2870588235294,7,0,1,0,3,0,1,alta_cobertura
RCT-2024-000291,23.0,0.21739130434782608,1,2,0,1,13603.29,16814.21,1,3,38536.25565217391,2045.6347826086956,6,0,0,0,3,0,0,alta_cobertura
RCT-2025-000292,21.0,0.42857142857142855,0,3,1,0,27767.95,42287.08,1,0,45708.68476190476,2594.1471428571426,5,0,0,1,27,1,0,referral
RCT-2025-000293,98.0,0.7755102040816326,0,5,1,0,965471.25,1294329.79,2,1,23581.86112244898,3204.2098979591838,3,0,0,1,2,1,1,alto_risco
RCT-2025-000294,3.0,0.3333333333333333,1,3,0,1,0.0,0.0,0,0,24279.326666666664,2483.7533333333336,2,0,0,1,21,1,0,referral
RCT-2025-000295,11.0,0.2727272727272727,0,1,0,0,0.0,0.0,0,0,36930.49363636364,1467.9609090909091,7,0,1,0,10,0,1,alta_cobertura
RCT-2024-000296,6.0,0.3333333333333333,1,3,0,0,0.0,0.0,0,0,43508.74166666667,1010.0566666666667,8,0,0,0,3,0,1,alta_cobertura
RCT-2024-000297,10.0,0.4,0,2,1,0,47447.09,50654.09,1,0,23631.033,2286.823,6,1,0,1,41,1,0,referral
RCT-2025-000298,103.0,0.7378640776699029,0,4,1,1,369736.93,495757.61,2,3,35337.34009708738,3052.7019417475726,3,1,0,0,7,1,1,alto_risco
RCT-2025-000299,35.0,0.17142857142857143,0,3,1,0,0.0,0.0,0,0,48876.650285714284,2070.7402857142856,3,0,0,1,80,1,0,referral
RCT-2025-000300,44.0,0.25,1,1,0,1,0.0,0.0,0,0,48716.10568181818,1473.9870454545455,6,0,1,0,4,0,1,alta_cobertura
RCT-2025-000301,17.0,0.058823529411764705,1,3,0,0,0.0,0.0,0,0,75549.42529411765,1848.97,7,0,1,0,4,0,1,alta_cobertura
RCT-2025-000302,13.0,0.23076923076923078,1,1,0,0,19322.45,19569.31,1,3,56721.190769230765,1274.49,7,0,1,0,2,0,1,alta_cobertura
RCT-2024-000303,68.0,0.6176470588235294,0,4,1,1,761720.68,994091.6100000001,3,1,30310.816323529412,3414.9985294117646,2,1,0,0,3,0,0,alto_risco
RCT-2025-000304,11.0,0.2727272727272727,1,2,1,1,0.0,0.0,0,0,49728.16181818182,2222.4872727272727,4,1,0,1,71,0,0,referral
RCT-2026-000305,21.0,0.14285714285714285,1,3,0,1,41837.92,51754.12,1,0,29565.768571428573,2807.3614285714284,4,0,0,1,24,1,0,referral
RCT-2025-000306,16.0,0.125,0,2,1,1,0.0,0.0,0,0,45883.184375,2091.64375,6,0,0,1,19,1,0,referral
RCT-2026-000307,24.0,0.4583333333333333,0,3,1,0,0.0,0.0,0,0,43070.370416666665,2494.59625,2,1,0,1,42,1,0,referral
RCT-2025-000308,21.0,0.23809523809523808,1,2,1,1,0.0,0.0,0,0,45329.759999999995,2064.3742857142856,6,1,0,1,49,0,0,referral
RCT-2026-000309,88.0,0.4659090909090909,0,4,1,1,1371031.87,1590899.16,2,2,17729.08693181818,2433.681477272727,2,1,0,0,1,1,1,alto_risco
RCT-2026-000310,15.0,0.13333333333333333,1,3,0,1,22994.17,24955.14,1,3,79615.97133333333,2146.212666666667,6,0,1,0,1,0,0,alta_cobertura
RCT-2025-000311,22.0,0.045454545454545456,1,3,0,1,0.0,0.0,0,0,71339.19590909091,1640.1450000000002,7,0,1,0,4,0,1,alta_cobertura
RCT-2025-000312,65.0,0.46153846153846156,0,4,1,1,814572.48,920476.2,3,2,39748.33707692308,3663.1256923076926,4,1,0,0,10,0,0,alto_risco
RCT-2024-000313,14.0,0.35714285714285715,0,4,1,1,0.0,0.0,0,0,46919.048571428575,2215.4364285714287,5,0,0,1,34,0,0,referral
RCT-2025-000314,16.0,0.25,1,3,0,0,0.0,0.0,0,0,22879.280625,1701.531875,6,0,0,1,27,1,0,referral
RCT-2026-000315,4.0,0.25,1,4,0,0,0.0,0.0,0,0,43799.6075,1342.32,5,0,0,1,81,1,0,referral
RCT-2025-000316,5.0,0.2,0,2,0,0,0.0,0.0,0,0,39043.182,1437.226,6,1,0,1,39,0,0,referral
RCT-2026-000317,21.0,0.19047619047619047,1,2,0,0,0.0,0.0,0,0,50979.701428571425,1893.1176190476192,6,0,1,0,6,0,0,alta_cobertura
RCT-2026-000318,13.0,0.23076923076923078,1,2,0,0,0.0,0.0,0,0,52381.81769230769,959.3169230769231,8,0,1,0,7,0,1,alta_cobertura
RCT-2025-000319,94.0,0.4148936170212766,0,4,0,1,704826.51,917896.79,2,1,20390.37744680851,2695.055744680851,3,0,0,1,2,0,0,alto_risco
RCT-2024-000320,27.0,0.37037037037037035,1,2,0,1,0.0,0.0,0,0,33767.16925925926,1743.877037037037,3,1,0,1,24,1,0,referral
RCT-2025-000321,20.0,0.1,0,2,0,0,0.0,0.0,0,0,42498.453,1536.7549999999999,6,0,1,0,9,0,1,alta_cobertura
RCT-2025-000322,64.0,0.765625,0,5,0,1,959973.09,1098663.46,2,1,16937.61109375,2949.39546875,1,1,0,0,10,0,1,alto_risco
RCT-2026-000323,62.0,0.7580645161290323,0,5,1,1,510459.02999999997,642190.1699999999,2,1,22942.20064516129,3079.4501612903227,3,1,0,0,6,0,1,alto_risco
RCT-2026-000324,49.0,0.5306122448979592,0,4,1,0,169274.06,181039.94,1,3,29391.39285714286,2833.9555102040817,4,0,0,0,5,0,0,alto_risco
RCT-2024-000325,46.0,0.6304347826086957,1,4,1,1,573787.0,665858.1,2,1,38884.00304347826,4073.916304347826,1,0,0,0,3,0,0,alto_risco
RCT-2025-000326,44.0,0.1590909090909091,0,2,0,0,28173.76,28189.37,1,3,53936.74340909091,1257.4368181818181,7,0,1,1,6,0,0,alta_cobertura
RCT-2024-000327,120.0,0.8333333333333334,0,4,0,1,878268.56,1051452.6199999999,2,3,33436.340833333335,3568.7840833333335,3,1,0,0,6,0,0,alto_risco
RCT-2026-000328,47.0,0.6170212765957447,0,5,1,0,266176.0,294355.48,1,2,22937.532127659575,2033.327659574468,4,0,0,0,9,1,0,alto_risco
RCT-2025-000329,115.0,0.5478260869565217,0,5,1,1,1043632.38,1284342.6400000001,2,1,29630.574608695653,4364.095826086957,2,1,0,0,7,0,1,alto_risco
RCT-2026-000330,36.0,0.3611111111111111,1,4,0,0,0.0,0.0,0,0,30740.136111111107,1536.8008333333335,6,1,0,1,90,0,0,referral
RCT-2026-000331,19.0,0.3684210526315789,0,2,1,1,11339.48,15355.97,1,0,35722.56368421052,2455.7368421052633,5,0,0,1,66,1,0,referral
RCT-2025-000332,25.0,0.72,0,4,1,1,294568.06,369071.14,1,3,31710.9212,4264.6492,1,0,0,0,5,0,0,alto_risco
RCT-2025-000333,9.0,0.1111111111111111,1,1,0,0,0.0,0.0,0,0,71063.75111111111,1402.86,8,0,1,0,10,0,1,alta_cobertura
RCT-2024-000334,112.0,0.7678571428571429,0,4,1,1,699840.8500000001,794166.26,2,1,27551.539642857144,4252.1693749999995,2,0,0,0,3,0,0,alto_risco
RCT-2025-000335,44.0,0.22727272727272727,1,2,1,1,0.0,0.0,0,0,59788.94522727272,1726.7775000000001,8,0,1,0,5,0,1,alta_cobertura
RCT-2026-000336,32.0,0.28125,1,1,0,0,0.0,0.0,0,0,61837.0534375,1339.1046875,8,0,1,1,10,0,0,alta_cobertura
RCT-2026-000337,10.0,0.4,0,4,0,0,0.0,0.0,0,0,28547.375,1526.269,5,1,0,1,80,0,0,referral
RCT-2026-000338,27.0,0.7407407407407407,0,5,1,1,559544.85,651483.87,1,2,31824.64888888889,3683.8585185185184,4,1,0,0,10,0,0,alto_risco
RCT-2026-000339,34.0,0.0,1,1,0,0,0.0,0.0,0,0,37955.87588235294,1132.2091176470587,6,0,0,0,6,0,0,alta_cobertura
RCT-2026-000340,25.0,0.24,1,1,0,0,0.0,0.0,0,0,50514.6904,2166.5216,7,0,1,0,9,0,1,alta_cobertura
RCT-2026-000341,23.0,0.34782608695652173,1,4,0,0,0.0,0.0,0,0,46833.36956521739,1727.3673913043476,4,1,0,1,26,1,0,referral
RCT-2024-000342,13.0,0.23076923076923078,0,2,0,0,0.0,0.0,0,0,21793.588461538464,2689.9569230769234,1,0,0,1,19,0,0,referral
RCT-2026-000343,12.0,0.0,1,2,0,1,17995.87,19088.49,1,3,52518.807499999995,1329.8591666666666,8,0,1,0,2,0,1,alta_cobertura
RCT-2025-000344,106.0,0.5566037735849056,0,4,1,0,369334.27,450221.01,3,2,39310.08283018868,4230.010849056604,2,0,0,0,3,0,1,alto_risco
RCT-2026-000345,88.0,0.625,0,5,1,1,576842.13,779764.36,1,1,32240.936250000002,2461.735,3,1,0,0,4,0,1,alto_risco
RCT-2026-000346,99.0,0.7777777777777778,0,5,1,1,942321.94,1070189.53,3,1,31065.68383838384,2995.132929292929,3,1,0,0,1,0,1,alto_risco
RCT-2025-000347,25.0,0.28,1,1,0,0,0.0,0.0,0,0,58550.421200000004,1692.3848,8,0,1,0,3,0,1,alta_cobertura
RCT-2025-000348,33.0,0.36363636363636365,0,3,1,0,0.0,0.0,0,0,32263.63333333333,1299.5533333333333,3,0,0,1,48,1,0,referral
RCT-2025-000349,79.0,0.7974683544303798,0,5,0,1,660908.11,753650.45,1,3,23567.298227848103,1951.5093670886074,2,1,0,0,10,1,1,alto_risco
RCT-2025-000350,56.0,0.5714285714285714,0,5,1,1,1297031.3900000001,1363362.6,2,2,17979.760892857143,1862.4733928571427,3,1,0,0,9,1,1,alto_risco
RCT-2026-000351,37.0,0.16216216216216217,0,3,1,1,0.0,0.0,0,0,44606.255675675675,2446.6551351351354,3,0,0,1,74,1,0,referral
RCT-2026-000352,40.0,0.375,1,2,1,1,0.0,0.0,0,0,29460.0875,1789.4299999999998,3,1,0,1,40,1,0,referral
RCT-2025-000353,146.0,0.589041095890411,0,4,0,1,1343201.8599999999,1508308.65,2,1,25378.19671232877,4487.465410958904,2,1,0,0,7,0,1,alto_risco
RCT-2024-000354,8.0,0.375,0,2,0,1,9102.07,13688.36,1,0,32446.29125,1869.0675,3,1,0,1,50,0,0,referral
RCT-2026-000355,76.0,0.7105263157894737,0,4,1,0,555272.74,593120.5700000001,2,1,26610.83302631579,4415.572105263158,5,1,0,0,6,1,1,alto_risco
RCT-2024-000356,41.0,0.8048780487804879,1,5,1,1,140228.74,175998.78,1,2,38365.61024390244,3364.2951219512197,1,1,0,0,7,1,1,alto_risco
RCT-2025-000357,15.0,0.3333333333333333,0,4,0,0,10061.45,14563.86,1,0,36467.02333333333,2077.2393333333334,4,0,0,1,72,1,0,referral
RCT-2025-000358,10.0,0.3,1,2,0,0,0.0,0.0,0,0,43398.131,2146.034,2,0,0,1,72,1,0,referral
RCT-2025-000359,46.0,0.717391304347826,0,5,0,1,464878.4,568797.81,1,2,38981.89391304348,3455.4165217391305,4,1,0,0,9,1,1,alto_risco
RCT-2025-000360,148.0,0.8716216216216216,1,4,1,1,682656.88,741798.8200000001,2,3,37005.67202702702,2214.926824324324,1,0,0,0,10,0,1,alto_risco
RCT-2025-000361,118.0,0.7033898305084746,0,5,1,1,1006344.03,1067024.48,3,3,31640.71220338983,3395.927966101695,3,1,0,0,8,0,0,alto_risco
RCT-2026-000362,25.0,0.36,1,4,1,0,0.0,0.0,0,0,30757.667999999998,2803.7003999999997,7,0,0,1,81,1,0,referral
RCT-2025-000363,123.0,0.8292682926829268,0,4,0,1,1036037.95,1224869.94,3,1,33869.271138211385,4218.606585365854,3,0,0,0,3,1,1,alto_risco
RCT-2026-000364,147.0,0.7687074829931972,0,5,1,1,1350194.85,1547353.93,3,3,15519.348843537413,2457.936530612245,4,0,0,0,10,0,1,alto_risco
RCT-2025-000365,49.0,0.04081632653061224,0,3,0,1,0.0,0.0,0,0,71830.67040816326,1249.8734693877552,7,0,1,0,9,0,0,alta_cobertura
RCT-2026-000366,25.0,0.28,0,4,0,0,0.0,0.0,0,0,29915.9972,2414.4016,3,0,0,1,60,0,0,referral
RCT-2024-000367,6.0,0.3333333333333333,1,2,1,0,0.0,0.0,0,0,44147.418333333335,2433.6349999999998,4,0,0,1,23,1,0,referral
RCT-2025-000368,76.0,0.5,0,4,1,1,542994.24,579594.35,2,2,19309.823947368423,1987.3509210526317,4,0,0,0,8,1,1,alto_risco
RCT-2025-000369,9.0,0.2222222222222222,1,3,0,0,0.0,0.0,0,0,21247.71111111111,2629.2966666666666,4,1,0,1,78,1,0,referral
RCT-2026-000370,38.0,0.15789473684210525,1,2,0,0,0.0,0.0,0,0,64202.62,1273.352105263158,8,0,1,0,4,0,1,alta_cobertura
RCT-2025-000371,65.0,0.7692307692307693,0,4,1,0,1468696.77,1581397.92,3,1,29278.63323076923,3137.243076923077,5,0,0,0,7,1,0,alto_risco
RCT-2025-000372,60.0,0.26666666666666666,1,3,0,0,0.0,0.0,0,0,54426.84033333333,2072.8823333333335,8,0,1,0,7,0,1,alta_cobertura
RCT-2025-000373,23.0,0.2608695652173913,1,2,0,0,0.0,0.0,0,0,52101.19086956522,1859.8504347826085,8,0,0,0,4,0,1,alta_cobertura
RCT-2025-000374,26.0,0.8846153846153846,0,4,1,1,1332534.12,1703881.93,3,3,22195.16346153846,3424.4823076923076,3,1,0,0,6,1,0,alto_risco
RCT-2026-000375,6.0,0.16666666666666666,0,2,1,0,26226.31,26292.09,1,3,42860.54833333333,1404.9866666666667,5,0,1,0,7,0,1,alta_cobertura
RCT-2025-000376,30.0,0.13333333333333333,1,1,0,0,23607.28,26752.77,1,3,48740.832,1929.7016666666668,6,0,1,0,8,0,1,alta_cobertura
RCT-2025-000377,15.0,0.2,0,3,1,1,23161.96,26736.59,1,3,68169.63133333334,1693.4653333333333,8,0,1,0,8,0,1,alta_cobertura
RCT-2025-000378,25.0,0.2,1,3,0,0,0.0,0.0,0,0,24748.4128,2312.92,4,0,0,1,23,1,0,referral
RCT-2025-000379,30.0,0.4666666666666667,0,4,0,1,1282587.25,1437399.07,3,2,22502.613666666668,2164.347333333333,1,1,0,0,3,0,0,alto_risco
RCT-2025-000380,15.0,0.0,1,3,0,0,0.0,0.0,0,0,63595.195999999996,946.778,6,0,1,0,8,0,1,alta_cobertura
RCT-2025-000381,19.0,0.3157894736842105,1,2,0,0,0.0,0.0,0,0,20289.357368421053,2754.642631578947,4,1,0,1,72,0,0,referral
RCT-2025-000382,9.0,0.3333333333333333,1,3,1,0,0.0,0.0,0,0,34076.31333333333,2471.293333333333,4,0,0,1,25,1,0,referral
RCT-2025-000383,17.0,0.23529411764705882,1,3,0,0,0.0,0.0,0,0,67714.85470588236,1227.1688235294116,7,0,1,0,3,0,1,alta_cobertura
RCT-2025-000384,31.0,0.0967741935483871,0,4,0,0,21252.48,32148.41,1,0,26843.349032258062,2540.9448387096772,5,1,0,1,90,1,0,referral
RCT-2026-000385,6.0,0.3333333333333333,1,1,0,0,0.0,0.0,0,0,39497.30333333334,1260.97,7,0,1,0,3,0,1,alta_cobertura
RCT-2025-000386,146.0,0.5616438356164384,0,4,1,1,843675.9199999999,879995.99,2,2,24239.188493150687,4133.063356164384,3,0,0,0,4,1,0,alto_risco
RCT-2026-000387,39.0,0.48717948717948717,1,2,1,0,0.0,0.0,0,0,27980.21948717949,2924.891025641026,3,0,0,1,45,0,0,referral
RCT-2026-000388,25.0,0.56,0,4,1,1,320599.7,343718.53,1,3,25574.783199999998,3934.9152000000004,3,0,0,1,3,1,0,alto_risco
RCT-2025-000389,15.0,0.2,1,2,0,0,6034.78,6396.48,1,3,49776.884666666665,1740.2266666666667,7,0,1,0,8,0,1,alta_cobertura
RCT-2025-000390,33.0,0.48484848484848486,1,5,1,1,650108.53,660015.49,1,2,21518.86727272727,4260.8457575757575,2,1,0,1,2,0,1,alto_risco
RCT-2026-000391,45.0,0.2,1,1,0,0,0.0,0.0,0,0,44070.85733333333,1867.5300000000002,6,0,1,0,1,0,1,alta_cobertura
RCT-2026-000392,40.0,0.725,0,5,1,1,668212.56,791671.64,1,3,22747.539249999998,3179.96825,2,1,0,0,9,1,1,alto_risco
RCT-2024-000393,18.0,0.1111111111111111,1,3,0,0,0.0,0.0,0,0,39608.779444444444,1703.9616666666668,3,1,0,1,21,1,0,referral
RCT-2024-000394,4.0,0.5,0,4,1,0,0.0,0.0,0,0,44913.5375,2095.3625,5,0,0,1,29,0,0,referral
RCT-2025-000395,15.0,0.4,1,4,1,0,0.0,0.0,0,0,36337.721999999994,2677.2853333333333,3,0,0,1,45,0,0,referral
RCT-2026-000396,34.0,0.29411764705882354,1,3,0,0,0.0,0.0,0,0,61634.87235294117,1344.1447058823528,5,0,1,0,8,0,1,alta_cobertura
RCT-2025-000397,10.0,0.5,0,4,0,0,10680.17,17793.22,1,0,26572.143,2674.85,3,0,0,1,88,1,0,referral
RCT-2025-000398,34.0,0.14705882352941177,1,2,0,0,0.0,0.0,0,0,39847.55147058824,2900.7744117647057,6,1,0,1,66,1,0,referral
RCT-2026-000399,7.0,0.14285714285714285,1,3,0,0,0.0,0.0,0,0,61564.94142857143,1979.8185714285714,6,0,1,0,8,0,0,alta_cobertura
RCT-2026-000400,31.0,0.1935483870967742,1,4,0,1,0.0,0.0,0,0,47067.852258064515,2083.978064516129,3,1,0,1,31,1,0,referral
RCT-2024-000401,52.0,0.25,0,1,0,0,0.0,0.0,0,0,69716.8676923077,1544.989423076923,6,0,1,0,5,0,0,alta_cobertura
RCT-2026-000402,49.0,0.12244897959183673,1,1,0,0,0.0,0.0,0,0,59106.02551020408,1753.1414285714284,7,0,1,0,6,0,0,alta_cobertura
RCT-2026-000403,5.0,0.0,1,3,1,0,0.0,0.0,0,0,37270.13,2015.2,7,0,0,0,1,0,1,alta_cobertura
RCT-2025-000404,45.0,0.1111111111111111,1,2,1,1,0.0,0.0,0,0,37864.256222222226,1882.0591111111112,6,0,1,0,1,0,1,alta_cobertura
RCT-2025-000405,12.0,0.4166666666666667,1,4,0,0,0.0,0.0,0,0,37980.25666666667,2427.9308333333333,2,0,0,1,50,1,0,referral
RCT-2025-000406,59.0,0.8305084745762712,0,5,0,0,1015500.63,1210803.49,3,3,24037.173559322033,3655.179152542373,3,1,0,0,6,0,1,alto_risco
RCT-2024-000407,34.0,0.5294117647058824,0,5,1,1,776166.5800000001,976755.5599999999,3,1,34003.11058823529,2131.8747058823533,4,0,0,0,2,1,1,alto_risco
RCT-2025-000408,20.0,0.05,1,2,0,1,0.0,0.0,0,0,45424.712,1210.402,8,0,1,0,3,0,1,alta_cobertura
RCT-2024-000409,52.0,0.2692307692307692,0,1,0,0,27197.0,29016.38,1,3,50200.31557692308,1118.8961538461538,8,0,1,0,9,0,1,alta_cobertura
RCT-2026-000410,9.0,0.1111111111111111,1,2,1,0,0.0,0.0,0,0,72295.12777777779,1953.1844444444444,6,0,0,0,6,0,1,alta_cobertura
RCT-2026-000411,6.0,0.16666666666666666,0,2,0,1,20082.8,21990.29,1,0,42232.848333333335,2760.2533333333336,3,1,0,1,34,1,0,referral
RCT-2025-000412,84.0,0.6785714285714286,0,4,1,1,779678.53,896938.21,2,3,19378.625119047618,2463.630119047619,5,1,0,0,9,0,1,alto_risco
RCT-2025-000413,58.0,0.22413793103448276,1,1,0,1,23468.97,27591.59,1,3,59521.495689655174,1484.9225862068965,8,0,0,0,3,0,1,alta_cobertura
RCT-2024-000414,26.0,0.46153846153846156,1,3,1,1,0.0,0.0,0,0,49440.72384615385,1272.9438461538462,3,0,0,1,46,1,0,referral
RCT-2024-000415,28.0,0.6428571428571429,0,5,1,1,441328.66,517546.56999999995,2,2,29158.764285714286,3767.3939285714287,3,1,0,0,8,0,0,alto_risco
RCT-2025-000416,42.0,0.5,0,5,0,1,947900.96,1148008.6400000001,2,2,24302.90976190476,3765.3890476190477,4,1,0,1,7,0,1,alto_risco
RCT-2025-000417,145.0,0.6551724137931034,0,4,1,1,251174.84,310220.58999999997,2,2,30576.453586206895,2454.734344827586,1,0,0,0,1,0,1,alto_risco
RCT-2025-000418,80.0,0.825,0,4,0,1,817438.46,877110.5,3,1,15052.1815,4477.960625,2,1,0,0,6,0,0,alto_risco
RCT-2025-000419,44.0,0.25,1,3,0,0,0.0,0.0,0,0,50054.70159090909,1817.3545454545456,7,0,0,0,2,0,1,alta_cobertura
RCT-2025-000420,44.0,0.4090909090909091,1,5,1,1,1068937.68,1127143.5999999999,2,1,26830.707045454546,2366.384090909091,1,1,0,0,2,1,0,alto_risco
RCT-2025-000421,14.0,0.07142857142857142,0,2,1,0,33121.39,46690.73,1,0,38446.30785714286,1817.3335714285713,7,0,0,1,26,1,0,referral
RCT-2024-000422,40.0,0.35,0,3,0,0,0.0,0.0,0,0,47692.6855,2229.41575,4,0,0,1,73,1,0,referral
RCT-2025-000423,92.0,0.5108695652173914,0,5,1,1,655707.55,800263.87,3,1,31532.214673913044,2376.219347826087,2,1,0,0,7,1,0,alto_risco
RCT-2026-000424,26.0,0.15384615384615385,0,2,1,1,25453.09,36355.83,1,0,36037.75653846154,2703.3442307692308,4,0,0,1,85,1,0,referral
RCT-2025-000425,8.0,0.5,1,2,0,0,0.0,0.0,0,0,37590.63375,2070.16125,3,0,0,1,81,0,0,referral
RCT-2025-000426,46.0,0.10869565217391304,0,3,0,0,0.0,0.0,0,0,79806.78391304347,1542.6491304347826,6,0,1,0,4,0,1,alta_cobertura
RCT-2026-000427,21.0,0.09523809523809523,1,3,0,1,0.0,0.0,0,0,22792.287619047616,1532.597142857143,5,1,0,1,32,1,0,referral
RCT-2026-000428,127.0,0.4409448818897638,1,5,1,1,455012.83,523992.74,1,2,17357.874251968504,2169.607401574803,4,0,0,0,9,1,0,alto_risco
RCT-2026-000429,108.0,0.8611111111111112,0,4,1,1,479983.13,618136.85,1,1,31672.05712962963,2369.720277777778,4,1,0,0,1,1,0,alto_risco
RCT-2026-000430,28.0,0.32142857142857145,0,4,0,1,0.0,0.0,0,0,26306.14892857143,1205.0717857142859,7,1,0,1,38,1,0,referral
RCT-2026-000431,38.0,0.21052631578947367,1,2,0,1,0.0,0.0,0,0,44360.49684210526,1043.5413157894736,8,0,1,0,3,0,1,alta_cobertura
RCT-2025-000432,19.0,0.15789473684210525,1,2,0,0,0.0,0.0,0,0,55824.02631578947,2020.6031578947368,7,0,1,0,7,0,1,alta_cobertura
RCT-2026-000433,147.0,0.7346938775510204,0,4,1,1,611520.29,766878.8,1,2,32400.673401360546,2947.0914285714284,2,1,0,0,9,1,0,alto_risco
RCT-2024-000434,37.0,0.24324324324324326,1,3,0,0,12467.91,12861.11,1,0,26554.11378378378,2528.444054054054,5,1,0,1,24,0,0,referral
RCT-2026-000435,128.0,0.5234375,0,4,1,1,591329.59,642936.79,1,1,28907.1715625,3833.983984375,3,1,0,0,4,0,1,alto_risco
RCT-2025-000436,83.0,0.43373493975903615,0,5,0,1,977323.51,1037040.55,3,2,17120.682771084335,2934.9630120481925,4,1,0,0,1,1,0,alto_risco
RCT-2025-000437,52.0,0.8653846153846154,0,4,0,1,750182.52,869117.39,3,2,27948.86076923077,2165.0890384615386,2,1,0,0,7,1,0,alto_risco
RCT-2026-000438,38.0,0.05263157894736842,1,1,0,0,0.0,0.0,0,0,61851.95973684211,1864.8573684210526,7,0,1,0,9,0,1,alta_cobertura
RCT-2025-000439,105.0,0.7714285714285715,0,4,1,1,561807.38,581739.02,1,3,22224.429904761906,4025.7639999999997,3,0,0,0,6,1,1,alto_risco
RCT-2025-000440,28.0,0.21428571428571427,1,2,0,1,0.0,0.0,0,0,50509.173214285714,1170.2914285714287,8,0,0,0,7,0,1,alta_cobertura
RCT-2024-000441,59.0,0.2711864406779661,1,1,0,1,0.0,0.0,0,0,65909.06999999999,1152.0130508474576,6,0,1,1,5,0,0,alta_cobertura
RCT-2025-000442,13.0,0.3076923076923077,0,4,0,1,0.0,0.0,0,0,28748.759230769232,2679.666153846154,4,0,0,1,53,1,0,referral
RCT-2025-000443,26.0,0.23076923076923078,0,3,1,0,0.0,0.0,0,0,40922.185000000005,1634.598076923077,3,0,0,1,17,0,0,referral
RCT-2025-000444,5.0,0.2,0,4,1,0,0.0,0.0,0,0,33993.5,2018.5400000000002,2,0,0,1,41,1,0,referral
RCT-2024-000445,25.0,0.28,1,1,0,0,0.0,0.0,0,0,70534.3592,934.54,5,0,1,1,2,0,1,alta_cobertura
RCT-2025-000446,24.0,0.2916666666666667,0,3,0,1,11116.49,16199.26,1,0,23265.68416666667,2235.0508333333332,2,1,0,1,30,1,0,referral
RCT-2025-000447,9.0,0.1111111111111111,1,2,1,0,15136.85,18006.41,1,3,64684.316666666666,960.2655555555555,8,0,1,0,2,0,1,alta_cobertura
RCT-2025-000448,8.0,0.375,0,2,0,1,0.0,0.0,0,0,42891.56,2073.48625,6,0,0,1,73,1,0,referral
RCT-2025-000449,92.0,0.8913043478260869,0,5,1,0,1864119.66,2019565.15,3,1,27684.986847826087,4020.0934782608692,4,0,0,0,4,0,0,alto_risco
RCT-2025-000450,21.0,0.14285714285714285,0,3,0,1,0.0,0.0,0,0,44212.322380952384,2710.535714285714,1,1,0,1,87,0,0,referral
RCT-2025-000451,33.0,0.15151515151515152,0,4,0,0,0.0,0.0,0,0,42710.36636363636,2814.718484848485,4,0,0,1,18,0,0,referral
RCT-2025-000452,39.0,0.3333333333333333,1,3,1,1,13356.54,14249.67,1,0,22947.583333333332,2655.735897435897,3,0,0,1,66,0,0,referral
RCT-2026-000453,14.0,0.07142857142857142,1,1,0,0,0.0,0.0,0,0,55194.96642857143,1892.23,6,0,1,0,5,0,0,alta_cobertura
RCT-2025-000454,92.0,0.42391304347826086,0,4,1,1,280949.8,324183.07,1,3,24768.44913043478,3416.856413043478,2,1,0,0,10,0,1,alto_risco
RCT-2026-000455,35.0,0.2857142857142857,0,2,0,0,17905.7,21950.82,1,3,75790.96914285714,1163.4042857142858,5,0,1,0,10,0,1,alta_cobertura
RCT-2025-000456,19.0,0.21052631578947367,1,1,0,1,0.0,0.0,0,0,73206.14105263157,962.1210526315789,7,0,1,0,8,0,0,alta_cobertura
RCT-2026-000457,9.0,0.2222222222222222,0,2,0,0,34268.07,36046.71,1,0,36383.752222222225,1508.9155555555556,2,0,0,1,78,1,0,referral
RCT-2025-000458,112.0,0.9017857142857143,0,5,1,1,1365383.8399999999,1442174.44,2,3,15056.286607142858,2785.7330357142855,2,1,0,1,10,0,1,alto_risco
RCT-2024-000459,34.0,0.6470588235294118,0,5,0,1,629871.75,679576.0499999999,3,3,15847.775882352942,2693.380294117647,4,0,0,0,10,0,1,alto_risco
RCT-2026-000460,31.0,0.12903225806451613,0,4,0,1,20474.01,24646.05,1,0,35965.91935483871,2090.8167741935486,3,0,0,1,66,1,0,referral
RCT-2025-000461,5.0,0.4,0,2,0,0,0.0,0.0,0,0,25277.216,2819.58,5,0,0,1,38,0,0,referral
RCT-2026-000462,57.0,0.17543859649122806,1,3,0,0,0.0,0.0,0,0,75697.69245614034,1528.2936842105264,7,0,1,0,3,0,0,alta_cobertura
RCT-2024-000463,55.0,0.2,1,3,0,0,0.0,0.0,0,0,63771.335636363634,1055.971090909091,8,0,1,0,9,0,1,alta_cobertura
RCT-2024-000464,50.0,0.1,1,2,0,0,0.0,0.0,0,0,51312.504,1209.5934,7,0,0,0,6,0,1,alta_cobertura
RCT-2024-000465,11.0,0.09090909090909091,1,2,0,0,0.0,0.0,0,0,50109.68,1897.0818181818183,8,0,0,0,6,0,1,alta_cobertura
RCT-2026-000466,40.0,0.3,0,3,1,1,0.0,0.0,0,0,43628.2335,2760.2287499999998,3,0,0,1,71,1,0,referral
RCT-2025-000467,144.0,0.8263888888888888,0,4,1,1,1785412.57,1955261.97,3,2,28044.672708333335,3097.4288194444443,5,0,0,0,5,1,0,alto_risco
RCT-2025-000468,11.0,0.2727272727272727,0,2,0,1,0.0,0.0,0,0,31314.690000000002,1366.6872727272728,6,1,0,1,51,1,0,referral
RCT-2025-000469,50.0,0.02,1,2,0,0,0.0,0.0,0,0,74982.57280000001,1489.6452,6,0,1,0,8,0,0,alta_cobertura
RCT-2025-000470,9.0,0.1111111111111111,1,1,0,0,0.0,0.0,0,0,59258.83666666667,1754.4211111111113,6,0,1,1,10,0,0,alta_cobertura
RCT-2026-000471,98.0,0.826530612244898,0,5,1,1,789974.36,884796.2200000001,2,3,32887.27224489796,3144.91693877551,4,1,0,0,5,0,0,alto_risco
RCT-2025-000472,23.0,0.17391304347826086,0,2,1,0,0.0,0.0,0,0,48191.806521739134,2291.8439130434786,3,0,0,1,31,1,0,referral
RCT-2024-000473,25.0,0.16,0,2,0,0,0.0,0.0,0,0,41838.7336,1578.0924,3,0,0,1,20,0,0,referral
RCT-2026-000474,4.0,0.25,1,2,0,1,0.0,0.0,0,0,23466.7875,2517.16,4,1,0,1,80,0,0,referral
RCT-2025-000475,10.0,0.1,1,2,0,0,0.0,0.0,0,0,32943.457,2229.391,2,0,0,1,20,1,0,referral
RCT-2026-000476,36.0,0.5555555555555556,0,4,0,1,327638.18,379008.54000000004,2,1,34774.39027777778,2827.3380555555555,3,0,0,1,9,0,0,alto_risco
RCT-2025-000477,27.0,0.14814814814814814,1,1,1,0,0.0,0.0,0,0,65942.04925925926,979.974074074074,7,0,0,0,3,0,1,alta_cobertura
RCT-2025-000478,108.0,0.8703703703703703,1,4,1,1,236708.62,248519.87,1,2,22706.48324074074,4211.214814814815,1,1,0,0,3,0,0,alto_risco
RCT-2026-000479,12.0,0.0,1,1,0,0,0.0,0.0,0,0,52388.06083333333,1771.2524999999998,8,0,1,0,2,0,0,alta_cobertura
RCT-2025-000480,82.0,0.45121951219512196,1,5,1,1,401171.15,537060.77,1,2,23883.337926829267,3225.9302439024395,4,1,0,1,6,1,0,alto_risco
RCT-2026-000481,30.0,0.43333333333333335,1,2,0,0,10217.9,11533.12,1,0,37655.42866666667,1291.0396666666668,4,0,0,1,45,1,0,referral
RCT-2025-000482,25.0,0.08,0,2,1,0,0.0,0.0,0,0,50544.3604,1280.4008000000001,8,0,1,0,3,0,1,alta_cobertura
RCT-2026-000483,47.0,0.7872340425531915,0,4,1,1,1117444.4,1372214.87,3,1,35495.34319148936,3192.0423404255316,2,1,0,0,9,1,0,alto_risco
RCT-2026-000484,35.0,0.34285714285714286,0,3,0,1,0.0,0.0,0,0,31213.97857142857,2950.534571428572,3,0,0,1,18,1,0,referral
RCT-2024-000485,27.0,0.3333333333333333,1,2,0,1,0.0,0.0,0,0,28014.034074074076,2343.699259259259,2,0,0,1,25,1,0,referral
RCT-2025-000486,18.0,0.16666666666666666,1,2,1,1,23947.22,26489.71,1,0,38354.11833333333,1676.6966666666667,3,1,0,1,63,1,0,referral
RCT-2025-000487,94.0,0.4574468085106383,0,5,1,0,1053911.43,1135153.91,3,1,17229.546276595745,4049.1556382978724,3,1,0,0,5,1,0,alto_risco
RCT-2025-000488,30.0,0.1,1,2,0,0,0.0,0.0,0,0,74828.78533333333,1862.4363333333333,7,0,0,0,6,0,1,alta_cobertura
RCT-2024-000489,7.0,0.14285714285714285,0,2,0,0,0.0,0.0,0,0,70238.31714285714,1599.9242857142856,6,0,1,0,7,0,1,alta_cobertura
RCT-2025-000490,60.0,0.03333333333333333,1,1,0,1,0.0,0.0,0,0,57761.969333333334,1878.5181666666665,7,0,1,0,1,0,1,alta_cobertura
RCT-2024-000491,43.0,0.023255813953488372,1,2,0,0,0.0,0.0,0,0,38091.46395348837,1466.5451162790698,6,0,0,0,10,0,1,alta_cobertura
RCT-2025-000492,6.0,0.16666666666666666,1,1,1,0,0.0,0.0,0,0,32709.62,1810.7783333333334,5,0,1,0,4,0,0,alta_cobertura
RCT-2025-000493,48.0,0.4583333333333333,1,5,1,1,936121.3,1189230.6,2,1,28335.2225,4382.672291666667,3,1,0,0,7,1,0,alto_risco
RCT-2025-000494,3.0,0.3333333333333333,1,2,0,1,0.0,0.0,0,0,31576.083333333332,2259.7366666666667,5,0,0,1,48,1,0,referral
RCT-2025-000495,110.0,0.6818181818181818,0,4,0,1,1165702.96,1373805.26,2,2,19838.727272727272,2177.848,3,0,0,0,5,0,0,alto_risco
RCT-2024-000496,107.0,0.7383177570093458,1,4,0,1,534305.18,759447.5,1,3,39858.24897196261,2843.855140186916,3,0,0,0,4,1,0,alto_risco
RCT-2025-000497,31.0,0.2903225806451613,1,4,0,1,0.0,0.0,0,0,41137.304193548385,1591.3967741935485,5,0,0,1,59,1,0,referral
RCT-2026-000498,37.0,0.16216216216216217,1,2,0,0,0.0,0.0,0,0,73092.3945945946,1953.2910810810813,8,0,0,1,10,0,1,alta_cobertura
RCT-2026-000499,96.0,0.7291666666666666,0,4,1,1,543149.53,754721.65,2,1,20302.278125,3304.0237500000003,3,1,0,0,4,1,1,alto_risco
RCT-2025-000500,55.0,0.03636363636363636,1,2,0,0,0.0,0.0,0,0,69505.27418181818,1981.6747272727273,6,0,1,1,9,0,1,alta_cobertura
RCT-2026-000501,57.0,0.08771929824561403,1,2,0,0,0.0,0.0,0,0,41239.77263157895,2191.0528070175437,7,0,1,0,7,0,1,alta_cobertura
RCT-2026-000502,33.0,0.12121212121212122,0,3,0,0,0.0,0.0,0,0,36662.62363636364,1980.2081818181819,6,0,0,1,39,1,0,referral
RCT-2026-000503,30.0,0.16666666666666666,1,2,0,1,0.0,0.0,0,0,25603.159,2695.866666666667,2,1,0,1,73,1,0,referral
RCT-2026-000504,37.0,0.08108108108108109,0,3,0,0,0.0,0.0,0,0,51787.122702702705,2121.9548648648647,8,0,1,0,8,0,1,alta_cobertura
RCT-2025-000505,19.0,0.3684210526315789,1,3,0,0,0.0,0.0,0,0,20541.854736842106,2478.552105263158,4,0,0,1,85,1,0,referral
RCT-2026-000506,20.0,0.45,1,2,1,0,37271.87,41356.98,1,0,22174.639499999997,2988.6345,5,0,0,1,35,1,0,referral
RCT-2025-000507,98.0,0.5816326530612245,1,4,0,1,928415.23,1137640.79,2,1,21410.642142857145,4383.848979591837,6,0,0,0,2,0,0,alto_risco
RCT-2024-000508,22.0,0.2727272727272727,1,3,0,0,0.0,0.0,0,0,40666.78772727273,2060.122272727273,8,0,0,1,10,0,1,alta_cobertura
RCT-2026-000509,14.0,0.14285714285714285,1,3,0,1,0.0,0.0,0,0,36894.98714285714,1427.66,6,0,1,0,7,0,1,alta_cobertura
RCT-2025-000510,27.0,0.037037037037037035,0,1,1,0,0.0,0.0,0,0,68945.45888888888,1030.1522222222222,7,0,0,0,10,0,1,alta_cobertura
RCT-2026-000511,27.0,0.1111111111111111,0,2,0,0,7800.35,12104.88,1,0,29412.41037037037,1987.9274074074074,5,0,0,1,18,1,0,referral
RCT-2026-000512,14.0,0.42857142857142855,1,3,0,0,7564.06,8634.65,1,0,20841.510000000002,1859.0835714285713,1,1,0,1,58,1,0,referral
RCT-2025-000513,60.0,0.5666666666666667,0,4,1,1,389141.29,434119.45999999996,3,3,16142.615166666666,2719.2625,2,1,0,0,1,1,0,alto_risco
RCT-2025-000514,22.0,0.3181818181818182,0,3,0,0,0.0,0.0,0,0,31734.89,1434.014090909091,7,1,0,1,17,1,0,referral
RCT-2024-000515,59.0,0.03389830508474576,1,2,0,0,15606.7,16413.46,1,3,49629.10389830508,1014.9022033898306,6,0,1,0,10,0,0,alta_cobertura
RCT-2025-000516,37.0,0.2702702702702703,0,3,1,0,0.0,0.0,0,0,30611.69351351351,2023.6316216216214,5,1,0,1,26,0,0,referral
RCT-2025-000517,17.0,0.4117647058823529,0,2,0,0,0.0,0.0,0,0,23361.93705882353,1391.548823529412,5,0,0,1,70,1,0,referral
RCT-2026-000518,113.0,0.45132743362831856,0,4,1,1,1008660.7,1291729.85,2,2,31433.913274336286,4138.8281415929205,3,0,0,1,1,1,0,alto_risco
RCT-2024-000519,22.0,0.18181818181818182,1,3,0,1,0.0,0.0,0,0,72618.76545454546,1094.0481818181818,7,0,1,1,2,0,0,alta_cobertura
RCT-2025-000520,140.0,0.7857142857142857,1,4,1,1,509987.47,516842.88,1,1,29955.373857142855,2237.1276428571427,4,1,0,0,6,0,1,alto_risco
RCT-2024-000521,132.0,0.8863636363636364,0,5,1,1,555169.77,590192.78,2,3,37273.11840909091,3833.485909090909,0,1,0,0,10,0,1,alto_risco
RCT-2025-000522,54.0,0.05555555555555555,1,2,0,0,5665.15,5982.27,1,3,77041.91703703704,1860.4972222222223,6,0,1,0,1,0,1,alta_cobertura
RCT-2025-000523,52.0,0.19230769230769232,1,3,1,0,0.0,0.0,0,0,48233.525192307694,1766.7236538461539,4,0,1,0,5,0,1,alta_cobertura
RCT-2024-000524,26.0,0.4230769230769231,0,4,0,0,25726.48,27880.0,1,0,30065.10653846154,2849.1357692307693,2,1,0,1,62,1,0,referral
RCT-2025-000525,60.0,0.4666666666666667,1,4,1,1,629920.01,801654.87,1,1,38065.94916666667,2104.6725,3,1,0,0,1,1,0,alto_risco
RCT-2025-000526,13.0,0.46153846153846156,0,4,0,0,0.0,0.0,0,0,48204.400769230764,1419.5676923076924,3,0,0,1,54,0,0,referral
RCT-2025-000527,45.0,0.5111111111111111,0,5,1,1,142199.26,202845.76,1,3,36882.802,3950.9082222222223,3,0,0,0,3,1,0,alto_risco
RCT-2026-000528,25.0,0.44,0,4,0,1,0.0,0.0,0,0,25846.026400000002,2724.0271999999995,5,0,0,1,23,1,0,referral
RCT-2025-000529,34.0,0.5,0,4,0,1,0.0,0.0,0,0,23834.615588235294,1643.0361764705883,3,0,0,1,40,1,0,referral
RCT-2026-000530,31.0,0.1935483870967742,0,4,1,0,0.0,0.0,0,0,49283.69516129032,1288.1190322580646,5,1,0,1,37,1,0,referral
RCT-2026-000531,40.0,0.475,1,5,0,1,324506.75,325445.05,1,3,18819.156750000002,3665.2995,4,0,0,0,4,0,0,alto_risco
RCT-2024-000532,14.0,0.14285714285714285,0,3,1,0,41473.11,48152.85,1,0,28146.680714285718,2156.8307142857143,3,0,0,1,63,1,0,referral
RCT-2025-000533,138.0,0.7318840579710145,0,5,1,1,674771.92,855628.85,3,1,24207.185942028987,3581.1582608695653,3,1,0,0,7,1,1,alto_risco
RCT-2024-000534,149.0,0.47651006711409394,1,5,1,1,994265.54,1095395.44,2,1,16997.573087248322,3106.4563758389263,2,0,0,0,3,0,1,alto_risco
RCT-2025-000535,36.0,0.7222222222222222,0,5,1,1,671236.89,838834.03,3,1,15029.765277777778,3719.6094444444443,0,1,0,0,1,1,1,alto_risco
RCT-2026-000536,50.0,0.42,0,4,0,1,2100543.74,2353125.4299999997,3,2,25338.1366,2234.9762,5,1,0,1,7,0,0,alto_risco
RCT-2025-000537,7.0,0.42857142857142855,1,3,1,0,39463.27,41412.35,1,0,26735.86285714286,1508.4071428571428,4,0,0,1,87,1,0,referral
RCT-2026-000538,20.0,0.15,1,3,0,1,0.0,0.0,0,0,23957.3505,2640.6349999999998,6,0,0,1,72,1,0,referral
RCT-2024-000539,41.0,0.024390243902439025,1,2,0,0,0.0,0.0,0,0,60474.197317073165,2099.5073170731707,7,0,0,0,3,0,0,alta_cobertura
RCT-2025-000540,10.0,0.0,0,1,0,1,0.0,0.0,0,0,55221.735,1653.279,8,0,1,0,1,0,1,alta_cobertura
RCT-2025-000541,23.0,0.391304347826087,0,4,0,1,0.0,0.0,0,0,43741.251304347825,2165.8108695652177,8,0,0,1,63,1,0,referral
RCT-2026-000542,13.0,0.15384615384615385,1,3,0,0,29338.49,39702.97,1,0,23685.672307692308,2521.3138461538465,7,0,0,1,44,0,0,referral
RCT-2025-000543,120.0,0.425,0,5,0,0,1683688.38,2070902.72,3,2,29538.192,4424.95475,6,0,0,1,1,0,1,alto_risco
RCT-2025-000544,29.0,0.13793103448275862,0,2,0,0,28286.95,33244.32,1,0,37547.99827586207,2644.7958620689656,4,0,0,1,48,1,0,referral
RCT-2024-000545,9.0,0.2222222222222222,1,3,0,0,0.0,0.0,0,0,73147.69333333333,2011.5755555555556,5,0,1,0,1,0,0,alta_cobertura
RCT-2024-000546,21.0,0.19047619047619047,1,1,1,0,0.0,0.0,0,0,73953.50333333334,1238.875238095238,7,0,1,0,8,0,1,alta_cobertura
RCT-2025-000547,21.0,0.23809523809523808,0,2,0,0,0.0,0.0,0,0,29396.654285714285,2578.959523809524,4,0,0,1,79,1,0,referral
RCT-2026-000548,29.0,0.20689655172413793,1,2,1,0,0.0,0.0,0,0,37775.87482758621,1483.8024137931034,5,1,0,1,55,0,0,referral
RCT-2025-000549,28.0,0.17857142857142858,1,2,0,1,11614.13,12352.81,1,0,39641.03857142857,1392.544642857143,5,0,0,1,67,1,0,referral
RCT-2026-000550,14.0,0.42857142857142855,1,4,1,0,28984.02,33887.06,1,0,29279.11642857143,1305.277857142857,4,0,0,1,29,1,0,referral
RCT-2026-000551,65.0,0.6615384615384615,0,4,0,0,1672808.74,2020817.42,3,1,16599.096153846152,2625.2233846153845,5,1,0,1,7,0,1,alto_risco
RCT-2025-000552,4.0,0.0,0,2,1,0,15390.4,16887.64,1,0,25383.8125,1787.9475,3,1,0,1,17,1,0,referral
RCT-2025-000553,82.0,0.5975609756097561,0,4,0,1,1272340.47,1464403.26,3,1,34199.09085365854,3825.11487804878,0,1,0,0,7,1,1,alto_risco
RCT-2025-000554,4.0,0.25,0,4,0,0,0.0,0.0,0,0,33337.84,2040.76,3,0,0,1,27,1,0,referral
RCT-2025-000555,25.0,0.36,1,3,0,0,0.0,0.0,0,0,30302.8576,2914.3632000000002,4,1,0,1,65,1,0,referral
RCT-2026-000556,85.0,0.47058823529411764,0,4,1,1,900733.4,982117.1799999999,2,2,16881.699294117647,2895.195882352941,2,1,0,0,5,0,0,alto_risco
RCT-2026-000557,37.0,0.10810810810810811,1,2,0,1,0.0,0.0,0,0,36039.23864864865,1522.4545945945945,6,1,0,1,36,0,0,referral
RCT-2026-000558,24.0,0.20833333333333334,1,2,0,0,12033.21,14685.06,1,3,63941.25791666666,1407.4904166666665,7,0,1,0,10,0,0,alta_cobertura
RCT-2025-000559,81.0,0.8888888888888888,0,5,1,0,1985385.17,2366975.39,3,2,37973.34975308642,2423.5007407407406,3,1,0,0,8,1,0,alto_risco
RCT-2025-000560,32.0,0.21875,1,2,0,0,0.0,0.0,0,0,71204.4740625,1025.305625,8,0,1,0,10,0,1,alta_cobertura
RCT-2024-000561,46.0,0.7608695652173914,0,5,1,1,820220.94,995850.52,2,1,23662.62630434783,2465.228043478261,1,1,0,0,1,0,0,alto_risco
RCT-2024-000562,68.0,0.8529411764705882,0,4,1,0,57245.14,74401.31,1,1,26531.1025,3931.570882352941,2,1,0,0,6,0,1,alto_risco
RCT-2026-000563,92.0,0.5108695652173914,1,5,1,1,700611.07,903283.6499999999,3,2,22131.025326086958,2330.007934782609,1,1,0,0,4,0,0,alto_risco
RCT-2026-000564,86.0,0.6162790697674418,0,5,1,1,397437.55,482983.82,1,2,23507.108255813953,3408.058953488372,5,1,0,1,7,0,1,alto_risco
RCT-2026-000565,62.0,0.5967741935483871,0,5,1,1,1226106.3699999999,1334867.16,3,2,33629.81032258065,1992.9341935483872,3,1,0,0,5,0,0,alto_risco
RCT-2024-000566,60.0,0.05,0,2,0,0,0.0,0.0,0,0,71053.3085,914.7634999999999,6,0,1,0,2,0,1,alta_cobertura
RCT-2026-000567,84.0,0.6904761904761905,0,4,1,1,333305.38,420840.62,2,3,34681.62011904762,3354.317857142857,4,1,0,0,7,0,1,alto_risco
RCT-2025-000568,5.0,0.2,1,3,0,0,10833.33,12698.07,1,0,30596.896,1641.622,6,0,0,1,42,1,0,referral
RCT-2025-000569,20.0,0.05,1,1,0,0,0.0,0.0,0,0,59725.067,1105.9305,6,0,0,0,4,0,1,alta_cobertura
RCT-2026-000570,128.0,0.53125,1,5,1,1,823501.64,935156.24,2,1,15206.813984375,4446.34890625,3,1,0,0,7,1,1,alto_risco
RCT-2026-000571,21.0,0.19047619047619047,0,2,0,0,0.0,0.0,0,0,72292.91523809524,1489.7766666666666,6,0,1,0,3,0,0,alta_cobertura
RCT-2024-000572,38.0,0.7894736842105263,0,5,0,1,960410.53,1005612.29,3,2,35735.002368421054,3013.6692105263155,2,1,0,1,4,0,0,alto_risco
RCT-2025-000573,108.0,0.5740740740740741,0,4,0,1,574769.45,749441.64,3,1,30857.294537037036,2066.734814814815,2,1,0,0,5,0,0,alto_risco
RCT-2025-000574,93.0,0.8172043010752689,1,5,1,1,79155.77,93291.28,1,3,25352.61451612903,4211.808817204301,4,1,0,0,7,1,1,alto_risco
RCT-2024-000575,4.0,0.5,1,2,0,0,0.0,0.0,0,0,20748.5525,1534.1475,4,0,0,1,39,1,0,referral
RCT-2025-000576,9.0,0.1111111111111111,1,2,0,0,0.0,0.0,0,0,66628.41888888889,1084.4911111111112,8,0,0,0,4,0,0,alta_cobertura
RCT-2025-000577,16.0,0.125,1,3,0,0,0.0,0.0,0,0,47537.77875,1659.65,7,0,1,0,7,0,1,alta_cobertura
RCT-2026-000578,13.0,0.38461538461538464,0,4,1,1,11462.49,14792.73,1,0,33149.66,2548.5623076923075,5,0,0,1,51,0,0,referral
RCT-2025-000579,98.0,0.7653061224489796,0,5,1,1,88066.12,107281.41,2,1,32860.397448979595,2306.227448979592,5,1,0,0,10,1,0,alto_risco
RCT-2024-000580,28.0,0.2857142857142857,0,3,0,0,0.0,0.0,0,0,48014.56428571429,2090.0496428571428,3,0,0,1,15,1,0,referral
RCT-2026-000581,24.0,0.20833333333333334,0,2,1,0,0.0,0.0,0,0,27329.555833333332,2501.4225,4,0,0,1,69,0,0,referral
RCT-2025-000582,89.0,0.47191011235955055,0,4,1,1,640030.69,701863.46,1,3,37264.2693258427,2565.135617977528,2,1,0,0,1,1,0,alto_risco
RCT-2025-000583,13.0,0.23076923076923078,1,1,0,1,0.0,0.0,0,0,41113.45923076923,2136.345384615385,7,0,0,1,1,0,1,alta_cobertura
RCT-2026-000584,38.0,0.3684210526315789,1,3,0,1,37378.49,37525.51,1,0,21613.463157894737,1935.1173684210528,5,1,0,1,68,1,0,referral
RCT-2026-000585,36.0,0.4722222222222222,0,5,0,1,655383.0,826733.11,1,1,24570.48388888889,3511.835277777778,2,0,0,0,6,1,0,alto_risco
RCT-2025-000586,31.0,0.03225806451612903,0,3,0,0,15588.54,16049.95,1,3,37632.13774193548,1420.246129032258,7,0,1,0,3,0,0,alta_cobertura
RCT-2026-000587,84.0,0.8095238095238095,0,5,1,1,291586.07,334215.37,1,2,33847.500595238096,4172.50380952381,5,1,0,0,4,1,0,alto_risco
RCT-2025-000588,20.0,0.4,0,4,0,0,8402.18,8950.9,1,0,44188.7465,2755.2,4,0,0,1,27,1,0,referral
RCT-2025-000589,14.0,0.14285714285714285,0,2,1,0,0.0,0.0,0,0,39255.80071428571,2484.3542857142857,4,0,0,1,40,1,0,referral
RCT-2024-000590,8.0,0.0,1,3,0,1,0.0,0.0,0,0,68027.98125,2105.50625,8,0,0,1,4,0,1,alta_cobertura
RCT-2026-000591,107.0,0.5420560747663551,0,5,0,1,420736.4,492898.91,1,1,15086.57785046729,3210.9828037383177,2,1,0,1,6,0,0,alto_risco
RCT-2026-000592,50.0,0.74,0,5,1,0,512685.35,692363.3,1,1,33069.8706,1840.2957999999999,4,1,0,0,7,1,0,alto_risco
RCT-2026-000593,10.0,0.3,1,4,0,0,38386.9,50819.47,1,0,30940.314000000002,2845.903,4,0,0,1,63,0,0,referral
RCT-2026-000594,5.0,0.0,1,3,1,0,0.0,0.0,0,0,70702.372,1952.336,6,0,1,0,5,0,1,alta_cobertura
RCT-2025-000595,38.0,0.5,0,2,1,0,11278.16,13780.69,1,0,37556.234210526316,2676.4731578947367,5,0,0,1,44,0,0,referral
RCT-2026-000596,34.0,0.23529411764705882,1,3,0,0,0.0,0.0,0,0,43603.03676470588,1476.315,4,0,0,1,62,0,0,referral
RCT-2025-000597,38.0,0.42105263157894735,0,5,0,1,933285.31,1227260.77,3,3,27581.371578947368,4069.448947368421,5,1,0,0,2,1,1,alto_risco
RCT-2025-000598,86.0,0.872093023255814,0,5,1,1,972393.09,1145771.11,2,1,34933.27755813953,3674.0230232558138,2,1,0,0,6,0,0,alto_risco
RCT-2025-000599,52.0,0.019230769230769232,0,3,0,0,0.0,0.0,0,0,71558.67846153845,935.9076923076923,7,0,1,0,7,0,1,alta_cobertura
RCT-2025-000600,32.0,0.75,1,5,1,0,190534.48,196519.15,1,1,25103.7078125,4060.304375,4,1,0,0,2,1,0,alto_risco
